YBR083W	YAR015W	-
YBR083W	YBL017C	-
YBR083W	YDR098CB	+
YBR083W	YDR317W	-
YBR083W	YDR463W	+
YBR083W	YDR522C	-
YBR083W	YER137CA	+
YBR083W	YER189W	+
YBR083W	YER190W	+
YBR083W	YIL119C	+
YBR083W	YKL097C	-
YBR083W	YLR403W	+
YBR083W	YLR463C	-
YBR083W	YLR465C	+
YBR083W	YMR065W	-
YBR083W	YMR135C	-
YBR083W	YMR164C	-
YBR083W	YNL337W	-
YBR083W	YPR198W	-
YBR112C	STA1	+
YBR112C	YAL063C	+
YBR112C	YER065C	-
YBR112C	YHR051W	-
YBR112C	YIL162W	+
YBR112C	YJR048W	-
YBR112C	YJR094C	+
YBR112C	YLR256W	+
YBR182C	YAL022C	-
YBR182C	YBL001C	-
YBR182C	YBL111C	+
YBR182C	YBR057C	-
YBR182C	YBR183W	+
YBR182C	YCR073C	-
YBR182C	YDR545W	+
YBR182C	YER188CA	-
YBR182C	YER189W	-
YBR182C	YGL259W	-
YBR182C	YHL027W	+
YBR182C	YHL034C	+
YBR182C	YHR030C	+
YBR182C	YHR193C	-
YBR182C	YIL174W	-
YBR182C	YIL175W	+
YBR182C	YIR019C	+
YBR182C	YIR020C	-
YBR182C	YIR020WB	+
YBR182C	YKL163W	+
YBR182C	YKL185W	+
YBR182C	YKR105C	-
YBR182C	YLR162WA	+
YBR182C	YLR300W	+
YBR182C	YLR390WA	+
YBR182C	YLR463C	-
YBR182C	YLR465C	+
YBR182C	YML132W	+
YBR182C	YML133C	+
YBR182C	YMR014W	-
YBR182C	YNL288W	+
YBR182C	YNL337W	+
YBR182C	YNL338W	-
YBR182C	YOL121C	-
YBR182C	YOR138C	-
YBR182C	YOR140W	-
YBR182C	YOR178C	-
YBR182C	YPL018W	-
YBR182C	YPL019C	-
YBR182C	YPL251W	-
YBR182C	YPR124W	-
YBR182C	YPR198W	+
YBR297W	YAL022C	-
YBR297W	YCR105W	+
YBR297W	YER134C	-
YBR297W	YER189W	-
YBR297W	YER190W	+
YBR297W	YFR017C	-
YBR297W	YHL028W	+
YBR297W	YIL100W	+
YBR297W	YIL101C	-
YBR297W	YLR397C	+
YBR297W	YLR439W	-
YBR297W	YNL241C	+
YBR297W	YPL251W	-
YCL066W	STA1	+
YCL066W	YJR004C	-
YCL066W	YKL178C	+
YCL066W	YPL187W	+
YCL067C	YCL066W	+
YCL067C	YDR103W	+
YCL067C	YGR044C	-
YCL067C	YPL187W	+
YCR018C	YBR168W	-
YCR018C	YFR017C	+
YCR018C	YPL251W	-
YCR040W	YBR281C	+
YCR040W	YBR282W	+
YCR040W	YGL169W	+
YCR040W	YGL170C	-
YCR040W	YKL178C	+
YCR040W	YPL187W	-
YCR065W	YBL071C	-
YCR065W	YBR035C	-
YCR065W	YCR018CA	+
YCR065W	YCR019W	+
YCR065W	YDL142C	-
YCR065W	YDL244W	-
YCR065W	YDL245C	+
YCR065W	YDL247W	-
YCR065W	YDR026C	-
YCR065W	YDR039C	+
YCR065W	YDR411C	-
YCR065W	YDR412W	+
YCR065W	YDR523C	-
YCR065W	YGL034C	+
YCR065W	YGL161C	+
YCR065W	YGL209W	-
YCR065W	YGL223C	+
YCR065W	YGR166W	+
YCR065W	YGR250C	+
YCR065W	YGR288W	+
YCR065W	YHL039W	+
YCR065W	YHL040C	-
YCR065W	YHL048W	-
YCR065W	YHR062C	+
YCR065W	YHR138C	+
YCR065W	YHR140W	+
YCR065W	YIL118W	-
YCR065W	YIL119C	-
YCR065W	YJR156C	+
YCR065W	YJR157W	+
YCR065W	YLR090W	+
YCR065W	YLR205C	-
YCR065W	YLR206W	-
YCR065W	YLR228C	-
YCR065W	YLR461W	-
YCR065W	YML132W	-
YCR065W	YML133C	-
YCR065W	YMR201C	-
YCR065W	YMR324C	+
YCR065W	YNL040W	+
YCR065W	YNL041C	-
YCR065W	YNL078W	+
YCR065W	YNL079C	-
YCR065W	YNL311C	+
YCR065W	YNL337W	+
YCR065W	YNL338W	-
YCR065W	YNR016C	-
YCR065W	YNR017W	+
YCR065W	YOL164W	+
YCR065W	YOR307C	-
YCR065W	YPL028W	+
YCR065W	YPL156C	-
YCR065W	YPL283C	+
YCR065W	YPR036W	+
YCR065W	YPR049C	+
YCR096C	YCR039C	-
YCR096C	YCR040W	+
YCR096C	YKL178C	+
YCR097W	STA1	+
YCR097W	YCL066W	-
YCR097W	YCR039C	-
YCR097W	YCR040W	-
YCR097W	YDR103W	+
YCR097W	YGR044C	+
YCR097W	YKL178C	+
YDL106C	YAR015W	+
YDL106C	YBR048W	+
YDL106C	YBR093C	-
YDL106C	YBR163W	-
YDL106C	YCL030C	-
YDL106C	YCR098C	-
YDL106C	YDL225W	-
YDL106C	YDR077W	-
YDL106C	YDR278C	+
YDL106C	YDR279W	-
YDL106C	YDR306C	+
YDL106C	YDR307W	+
YDL106C	YDR408C	+
YDL106C	YER013W	-
YDL106C	YER045C	-
YDL106C	YGL001C	+
YDL106C	YGL234W	-
YDL106C	YGL255W	+
YDL106C	YGR061C	-
YDL106C	YHR136C	+
YDL106C	YHR137W	-
YDL106C	YIL166C	+
YDL106C	YJR048W	-
YDL106C	YLR046C	+
YDL106C	YLR359W	+
YDL106C	YLR439W	+
YDL106C	YMR300C	-
YDL106C	YNL027W	-
YDL106C	YNL036W	+
YDL106C	YNL220W	-
YDL106C	YNL241C	+
YDL106C	YOR128C	+
YDL106C	YOR337W	-
YDL106C	YPL130W	+
YDL106C	YPR194C	+
YDL106C	YPR196W	-
YDL170W	YBL111C	-
YDL170W	YBL112C	-
YDL170W	YBL113C	+
YDL170W	YBR102C	-
YDL170W	YBR103W	+
YDL170W	YCR018CA	-
YDL170W	YCR019W	+
YDL170W	YCR039C	+
YDL170W	YCR040W	+
YDL170W	YCR041W	-
YDL170W	YCR105W	-
YDL170W	YDL068W	-
YDL170W	YDR084C	-
YDL170W	YDR545W	+
YDL170W	YER189W	+
YDL170W	YER190W	-
YDL170W	YGL001C	-
YDL170W	YGR019W	-
YDL170W	YHR157W	-
YDL170W	YJR149W	-
YDL170W	YLR343W	-
YDL170W	YLR463C	-
YDL170W	YLR465C	+
YDL170W	YNL241C	+
YDL170W	YNL337W	+
YDL170W	YNL338W	+
YDL170W	YNR068C	+
YDL170W	YPL251W	+
YDL170W	YPR036W	-
YDR026C	YBR035C	+
YDR026C	YBR179C	+
YDR026C	YBR229C	-
YDR026C	YDR049W	+
YDR026C	YEL055C	-
YDR026C	YGL152C	+
YDR026C	YGR094W	-
YDR026C	YNR011C	+
YDR049W	YFR007W	+
YDR081C	YDR042C	+
YDR081C	YDR317W	+
YDR081C	YDR463W	+
YDR081C	YLR046C	-
YDR123C	YBR030W	+
YDR123C	YBR093C	-
YDR123C	YCR098C	+
YDR123C	YDR146C	+
YDR123C	YDR278C	+
YDR123C	YDR279W	-
YDR123C	YDR497C	-
YDR123C	YGL077C	+
YDR123C	YGR253C	-
YDR123C	YJL119C	+
YDR123C	YLR133W	-
YDR123C	YLR153C	+
YDR123C	YML075C	-
YDR123C	YMR070W	+
YDR123C	YNR016C	+
YDR123C	YNR017W	+
YDR123C	YPL231W	-
YDR146C	YAL017W	+
YDR146C	YAL018C	-
YDR146C	YAL022C	+
YDR146C	YBL108CA	-
YDR146C	YBL108W	-
YDR146C	YBL111C	-
YDR146C	YCR018C	+
YDR146C	YDL030W	-
YDR146C	YDL119C	+
YDR146C	YDL179W	+
YDR146C	YDL225W	+
YDR146C	YDR545W	+
YDR146C	YER078C	+
YDR146C	YER188CA	-
YDR146C	YER189W	-
YDR146C	YER190W	+
YDR146C	YFL013WA	-
YDR146C	YFL021W	+
YDR146C	YFR017C	+
YDR146C	YGR044C	-
YDR146C	YGR060W	+
YDR146C	YGR253C	+
YDR146C	YHR138C	+
YDR146C	YIL173W	+
YDR146C	YJL077WB	-
YDR146C	YJL225C	-
YDR146C	YKL163W	-
YDR146C	YKL185W	+
YDR146C	YLR013W	+
YDR146C	YLR079W	+
YDR146C	YLR162WA	-
YDR146C	YLR438CA	+
YDR146C	YLR439W	+
YDR146C	YML125C	-
YDR146C	YMR172CA	-
YDR146C	YMR173WA	-
YDR146C	YMR262W	-
YDR146C	YNL078W	-
YDR146C	YNL079C	-
YDR146C	YNL241C	+
YDR146C	YNL328C	-
YDR146C	YOR138C	+
YDR146C	YOR140W	-
YDR146C	YPL283C	+
YDR216W	YAL022C	+
YDR216W	YDL091C	-
YDR216W	YDL119C	-
YDR216W	YDR084C	+
YDR216W	YFR007W	+
YDR216W	YFR044C	-
YDR216W	YFR045W	-
YDR216W	YJL203W	-
YDR216W	YJL204C	+
YDR216W	YKL015W	-
YDR216W	YKL016C	-
YDR216W	YLR121C	+
YDR216W	YLR367W	-
YDR216W	YOR368W	+
YDR253C	YAL012W	+
YDR253C	YBR020W	+
YDR253C	YBR048W	+
YDR253C	YDR077W	+
YDR253C	YDR545W	+
YDR253C	YER091C	+
YDR253C	YER134C	-
YDR253C	YER189W	+
YDR253C	YER190W	+
YDR253C	YFR030W	-
YDR253C	YGL184C	+
YDR253C	YGL254W	+
YDR253C	YGL255W	-
YDR253C	YIR017C	+
YDR253C	YJL148W	-
YDR253C	YJR010W	-
YDR253C	YKL001C	+
YDR253C	YLR090W	-
YDR253C	YLR179C	-
YDR253C	YLR301W	-
YDR253C	YOL064C	-
YDR253C	YOL083W	-
YDR253C	YPR167C	+
YDR310C	YBR017C	-
YDR310C	YBR041W	-
YDR310C	YBR179C	+
YDR310C	YDR042C	-
YDR310C	YDR522C	+
YDR310C	YDR523C	+
YDR310C	YDR545W	-
YDR310C	YGL169W	+
YDR310C	YGL170C	-
YDR310C	YGR059W	+
YDR310C	YGR255C	+
YDR310C	YGR256W	-
YDR310C	YHR185C	+
YDR310C	YIR027C	-
YDR310C	YJL043W	+
YDR310C	YJL044C	-
YDR310C	YJR077C	-
YDR310C	YLR343W	-
YDR310C	YPL075W	+
YDR421W	YBL001C	+
YDR421W	YCL066W	-
YDR421W	YCL067C	-
YDR421W	YDL184C	+
YDR421W	YDR523C	+
YDR421W	YHR094C	+
YDR421W	YHR095W	-
YDR421W	YHR136C	-
YDR421W	YHR137W	-
YDR421W	YHR138C	+
YDR421W	YHR140W	-
YDR421W	YPL251W	-
YDR451C	YAR008W	+
YDR451C	YBL071C	-
YDR451C	YBL108W	-
YDR451C	YBR048W	-
YDR451C	YCR028C	-
YDR451C	YCR096C	-
YDR451C	YDL142C	+
YDR451C	YDR122W	+
YDR451C	YDR216W	-
YDR451C	YDR279W	+
YDR451C	YER068W	-
YDR451C	YGL152C	-
YDR451C	YGL256W	+
YDR451C	YGL257C	-
YDR451C	YHL039W	-
YDR451C	YHL040C	-
YDR451C	YJR094C	+
YDR451C	YJR124C	+
YDR451C	YJR149W	-
YDR451C	YLR090W	+
YDR451C	YLR312C	+
YDR451C	YLR312WA	+
YDR451C	YNL338W	-
YDR451C	YOL064C	-
YDR451C	YPR036W	-
YDR463W	YBR068C	+
YDR463W	YBR168W	+
YDR463W	YCL018W	-
YDR463W	YCR018CA	+
YDR463W	YCR019W	-
YDR463W	YCR096C	-
YDR463W	YDL152W	-
YDR463W	YDR003W	-
YDR463W	YDR042C	+
YDR463W	YDR048C	+
YDR463W	YDR078C	-
YDR463W	YDR079W	-
YDR463W	YDR084C	+
YDR463W	YDR098CB	-
YDR463W	YDR103W	+
YDR463W	YDR473C	-
YDR463W	YER013W	-
YDR463W	YGL001C	-
YDR463W	YGR218W	+
YDR463W	YHR157W	-
YDR463W	YJL085W	-
YDR463W	YJL139C	-
YDR463W	YLL005C	+
YDR463W	YLR262C	-
YDR463W	YLR302C	-
YDR463W	YMR019W	-
YDR463W	YMR227C	-
YDR463W	YOL057W	-
YDR463W	YOL126C	-
YDR463W	YPL265W	+
YDR520C	YLR288C	-
YDR520C	YLR289W	+
YER028C	YBR229C	-
YER028C	YCR018CA	-
YER028C	YCR019W	+
YER028C	YEL070W	-
YER028C	YER189W	+
YER028C	YER190W	+
YER028C	YFR017C	+
YER040W	YBR102C	+
YER040W	YBR103W	+
YER040W	YCL030C	+
YER040W	YCL063W	-
YER040W	YCR018CA	-
YER040W	YCR019W	+
YER040W	YCR065W	-
YER040W	YDL170W	+
YER040W	YDR040C	-
YER040W	YDR041W	+
YER040W	YDR077W	+
YER040W	YDR278C	+
YER040W	YDR522C	-
YER040W	YEL063C	+
YER040W	YER002W	+
YER040W	YER189W	-
YER040W	YER190W	+
YER040W	YFL021W	+
YER040W	YGL001C	-
YER040W	YGL254W	-
YER040W	YGL255W	+
YER040W	YGR019W	-
YER040W	YHL015W	+
YER040W	YHL016C	-
YER040W	YHL028W	-
YER040W	YHR007C	+
YER040W	YHR030C	-
YER040W	YHR037W	+
YER040W	YHR051W	-
YER040W	YHR193C	-
YER040W	YIL119C	-
YER040W	YIR005W	-
YER040W	YIR027C	-
YER040W	YIR030C	-
YER040W	YJL110C	+
YER040W	YJL148W	+
YER040W	YJL172W	+
YER040W	YKR034W	-
YER040W	YKR040C	+
YER040W	YKR042W	+
YER040W	YLL033W	-
YER040W	YLL034C	-
YER040W	YLR130C	+
YER040W	YLR142W	-
YER040W	YLR153C	+
YER040W	YLR439W	+
YER040W	YNR068C	+
YER040W	YOR348C	+
YER040W	YOR375C	-
YER040W	YPL111W	-
YER040W	YPL265W	+
YER040W	YPR194C	-
YFL021W	YAL012W	+
YFL021W	YCR018CA	-
YFL021W	YCR019W	-
YFL021W	YCR096C	-
YFL021W	YDR040C	-
YFL021W	YDR041W	-
YFL021W	YDR042C	+
YFL021W	YDR078C	+
YFL021W	YDR079W	-
YFL021W	YDR084C	-
YFL021W	YDR317W	+
YFL021W	YDR473C	+
YFL021W	YDR495C	-
YFL021W	YDR520C	+
YFL021W	YDR522C	+
YFL021W	YEL063C	-
YFL021W	YER002W	+
YFL021W	YGL001C	+
YFL021W	YGR218W	-
YFL021W	YHR157W	-
YFL021W	YIR005W	+
YFL021W	YJL085W	-
YFL021W	YJL110C	-
YFL021W	YKR099W	+
YFL021W	YLR262C	-
YFL021W	YLR302C	+
YFL021W	YML099C	+
YFL021W	YMR019W	-
YFL021W	YMR227C	-
YFL021W	YNL038W	-
YFR034C	YBR093C	+
YFR034C	YCL063W	-
YFR034C	YCR098C	-
YFR034C	YDL004W	+
YFR034C	YDL091C	+
YFR034C	YDR294C	-
YFR034C	YDR411C	-
YFR034C	YDR412W	+
YFR034C	YDR441C	-
YFR034C	YDR442W	-
YFR034C	YDR473C	-
YFR034C	YER078C	+
YFR034C	YFR044C	-
YFR034C	YFR045W	-
YFR034C	YGL133W	-
YFR034C	YGR253C	+
YFR034C	YHR136C	-
YFR034C	YHR137W	-
YFR034C	YIL036W	-
YFR034C	YJL119C	+
YFR034C	YJL172W	+
YFR034C	YJR004C	+
YFR034C	YJR098C	-
YFR034C	YJR099W	+
YFR034C	YLR397C	+
YFR034C	YLR438CA	+
YFR034C	YLR439W	-
YFR034C	YNL027W	-
YFR034C	YNL311C	-
YFR034C	YOR162C	+
YFR034C	YOR337W	-
YFR034C	YPL018W	-
YFR034C	YPL019C	+
YFR034C	YPL251W	-
YGL035C	YBR020W	+
YGL035C	YCR073C	-
YGL035C	YDL149W	+
YGL035C	YDR009W	-
YGL035C	YDR040C	+
YGL035C	YDR146C	-
YGL035C	YDR441C	-
YGL035C	YDR442W	-
YGL035C	YDR516C	-
YGL035C	YEL070W	+
YGL035C	YHR043C	+
YGL035C	YHR062C	+
YGL035C	YHR092C	-
YGL035C	YHR094C	+
YGL035C	YIL162W	+
YGL035C	YIL170W	+
YGL035C	YIL171W	+
YGL035C	YIL172C	+
YGL035C	YKL109W	-
YGL035C	YLR377C	+
YGL035C	YMR260C	-
YGL035C	YMR280C	-
YGL035C	YOL157C	+
YGL035C	YOR178C	+
YGL035C	YPL248C	+
YGL071W	YAL017W	+
YGL071W	YAL018C	+
YGL071W	YBR102C	+
YGL071W	YBR103W	-
YGL071W	YBR168W	-
YGL071W	YBR179C	+
YGL071W	YBR222C	-
YGL071W	YCR096C	+
YGL071W	YCR105W	+
YGL071W	YDL225W	-
YGL071W	YDR003W	-
YGL071W	YDR042C	+
YGL071W	YDR084C	+
YGL071W	YDR155C	-
YGL071W	YDR264C	+
YGL071W	YDR265W	+
YGL071W	YDR322CA	-
YGL071W	YDR323C	-
YGL071W	YDR473C	-
YGL071W	YDR523C	-
YGL071W	YEL060C	+
YGL071W	YER013W	+
YGL071W	YER040W	-
YGL071W	YER068W	-
YGL071W	YGL074C	+
YGL071W	YGL152C	-
YGL071W	YGL161C	+
YGL071W	YGL181W	-
YGL071W	YGR024C	+
YGL071W	YGR132C	+
YGL071W	YGR133W	+
YGL071W	YGR218W	-
YGL071W	YHL039W	-
YGL071W	YHL040C	+
YGL071W	YHR157W	+
YGL071W	YIL125W	+
YGL071W	YIL161W	+
YGL071W	YIR002C	+
YGL071W	YJL043W	-
YGL071W	YJL044C	-
YGL071W	YJL200C	+
YGL071W	YJR098C	-
YGL071W	YJR099W	-
YGL071W	YJR127C	+
YGL071W	YKL001C	-
YGL071W	YLL011W	-
YGL071W	YLR061W	-
YGL071W	YLR213C	-
YGL071W	YLR262C	-
YGL071W	YLR390WA	-
YGL071W	YLR397C	-
YGL071W	YML081W	-
YGL071W	YML132W	+
YGL071W	YMR019W	-
YGL071W	YMR086CA	-
YGL071W	YMR087W	-
YGL071W	YMR121C	-
YGL071W	YMR122WA	+
YGL071W	YMR182C	-
YGL071W	YMR186W	-
YGL071W	YMR280C	-
YGL071W	YMR320W	+
YGL071W	YNL241C	-
YGL071W	YNL337W	-
YGL071W	YNR011C	+
YGL071W	YNR060W	-
YGL071W	YOR128C	+
YGL071W	YOR272W	+
YGL071W	YOR319W	-
YGL071W	YOR353C	+
YGL071W	YOR382W	+
YGL071W	YPL018W	-
YGL071W	YPL019C	-
YGL071W	YPL211W	-
YGL071W	YPL251W	+
YGL071W	YPR139C	+
YGL071W	YPR140W	-
YGL162W	YAL063C	-
YGL162W	YDL214C	-
YGL162W	YDR077W	+
YGL162W	YDR441C	-
YGL162W	YDR442W	-
YGL162W	YER044C	-
YGL162W	YER045C	-
YGL162W	YGL001C	-
YGL162W	YGR249W	-
YGL162W	YHL027W	-
YGL162W	YHR094C	+
YGL162W	YHR095W	+
YGL162W	YIL012W	-
YGL162W	YIL013C	-
YGL162W	YIL119C	-
YGL162W	YIR020C	+
YGL162W	YKL109W	-
YGL162W	YKR097W	-
YGL162W	YLL033W	-
YGL162W	YLL034C	+
YGL162W	YLR153C	-
YGL162W	YMR016C	-
YGL162W	YMR070W	-
YGL162W	YMR135C	+
YGL162W	YNL038W	-
YGL162W	YOR107W	+
YGL162W	YPL026C	-
YGL162W	YPL156C	-
YGL162W	YPL177C	-
YGL162W	YPL230W	-
YGL181W	YAL064CA	-
YGL181W	YEL073C	+
YGL181W	YNL167C	+
YGL181W	YPR049C	+
YGL209W	YBR020W	-
YGL209W	YDL245C	+
YGL209W	YDR009W	+
YGL209W	YDR040C	-
YGL209W	YDR078C	-
YGL209W	YDR079W	-
YGL209W	YDR146C	-
YGL209W	YDR317W	-
YGL209W	YDR516C	-
YGL209W	YEL070W	+
YGL209W	YER134C	+
YGL209W	YGL035C	+
YGL209W	YHR043C	-
YGL209W	YHR092C	-
YGL209W	YHR094C	-
YGL209W	YIL162W	+
YGL209W	YKL109W	-
YGL209W	YLR377C	+
YGL209W	YMR280C	+
YGL209W	YOL083W	-
YGL209W	YPL248C	+
YGL254W	YAL022C	+
YGL254W	YGR271CA	+
YGL254W	YOR138C	-
YGL254W	YOR140W	-
YGL254W	YPL018W	-
YGL254W	YPL019C	+
YGR044C	YBR216C	+
YGR044C	YBR217W	-
YGR044C	YCR018C	+
YGR044C	YDL184C	-
YGR044C	YER078C	-
YGR044C	YFR017C	-
YGR044C	YHL034C	+
YGR044C	YIL014CA	-
YGR044C	YJL148W	+
YGR044C	YJL200C	+
YGR044C	YJR094C	-
YGR044C	YLR061W	+
YGR044C	YLR367W	+
YGR044C	YML055W	-
YGR044C	YML125C	+
YGR044C	YNL035C	-
YGR044C	YOL155C	-
YGR044C	YOR138C	+
YGR044C	YOR140W	+
YGR044C	YPL130W	+
YGR249W	YBR041W	-
YGR249W	YBR086C	-
YGR249W	YBR087W	-
YGR249W	YBR168W	+
YGR249W	YCR105W	+
YGR249W	YGR024C	+
YGR249W	YMR134W	+
YGR249W	YMR257C	+
YGR288W	YGR289C	-
YHL027W	YAL063C	-
YHL027W	YCR018CA	-
YHL027W	YCR019W	-
YHL027W	YDL214C	-
YHL027W	YDL245C	-
YHL027W	YDR084C	-
YHL027W	YDR278C	-
YHL027W	YDR279W	-
YHL027W	YDR441C	+
YHL027W	YDR442W	-
YHL027W	YDR473C	+
YHL027W	YEL070W	+
YHL027W	YER045C	+
YHL027W	YFR044C	-
YHL027W	YFR045W	+
YHL027W	YGL001C	-
YHL027W	YGR249W	-
YHL027W	YIL119C	+
YHL027W	YIL170W	-
YHL027W	YIL171W	-
YHL027W	YIL172C	+
YHL027W	YIR020C	+
YHL027W	YJL203W	+
YHL027W	YJL204C	-
YHL027W	YJR094C	+
YHL027W	YKR040C	+
YHL027W	YKR042W	-
YHL027W	YLL011W	+
YHL027W	YLR121C	-
YHL027W	YMR135C	-
YHL027W	YMR172CA	+
YHL027W	YMR173WA	+
YHL027W	YNR060W	-
YHL027W	YOL157C	-
YHL027W	YPR065W	-
YHR006W	YBR068C	+
YHR006W	YCR039C	-
YHR006W	YCR040W	+
YHR006W	YCR041W	+
YHR006W	YDR048C	+
YHR006W	YDR103W	+
YIL036W	YBR168W	+
YIL036W	YBR229C	-
YIL036W	YDR039C	-
YIL036W	YER189W	-
YIL036W	YER190W	-
YIL036W	YFR007W	-
YIL036W	YGR289C	-
YIL036W	YMR065W	+
YIL101C	YAL012W	+
YIL101C	YBR057C	+
YIL101C	YBR182C	-
YIL101C	YBR183W	-
YIL101C	YCR105W	-
YIL101C	YDR077W	-
YIL101C	YDR317W	-
YIL101C	YDR441C	-
YIL101C	YDR442W	+
YIL101C	YDR545W	+
YIL101C	YER045C	-
YIL101C	YER189W	-
YIL101C	YER190W	-
YIL101C	YFL013WA	-
YIL101C	YGR249W	-
YIL101C	YHL028W	+
YIL101C	YIL119C	+
YIL101C	YIL170W	-
YIL101C	YIL171W	+
YIL101C	YIL172C	+
YIL101C	YIR020C	-
YIL101C	YJR094C	+
YIL101C	YJR147W	-
YIL101C	YKR040C	-
YIL101C	YKR042W	-
YIL101C	YLR179C	+
YIL101C	YLR463C	+
YIL101C	YLR465C	+
YIL101C	YMR172CA	+
YIL101C	YMR173WA	-
YIL101C	YNL036W	-
YIL101C	YNL337W	-
YIL101C	YNL338W	+
YIL101C	YOL157C	+
YIL131C	YBR030W	+
YIL131C	YBR163W	+
YIL131C	YCL063W	+
YIL131C	YDR003W	+
YIL131C	YDR146C	+
YIL131C	YDR451C	+
YIL131C	YGL255W	-
YIL131C	YGL256W	+
YIL131C	YGL257C	+
YIL131C	YHR094C	+
YIL131C	YHR095W	+
YIL131C	YKL097C	+
YIL131C	YLR131C	-
YIL131C	YLR300W	+
YIL131C	YPL177C	-
YIL131C	YPR194C	+
YIL131C	YPR196W	-
YIR017C	YDL149W	+
YIR017C	YFR030W	-
YIR017C	YJR010W	+
YIR017C	YKL001C	-
YIR017C	YMR126C	-
YIR017C	YPR167C	+
YJL056C	YCL066W	+
YJL056C	YCL067C	-
YJL056C	YCR039C	+
YJL056C	YCR040W	+
YJL056C	YCR041W	-
YJL056C	YDR545W	-
YJL056C	YER188CA	+
YJL056C	YER189W	+
YJL056C	YGL255W	+
YJL056C	YGR084C	+
YJL056C	YHR193C	-
YJL056C	YLR130C	+
YJL056C	YNL337W	+
YJL089W	YCR018CA	-
YJL089W	YCR019W	+
YJL089W	YDR294C	+
YJL089W	YDR317W	-
YJL089W	YDR522C	+
YJL089W	YER065C	-
YJL089W	YER189W	+
YJL089W	YER190W	-
YJL089W	YKR097W	-
YJL089W	YKR099W	-
YJL089W	YLR377C	+
YJL089W	YMR086CA	-
YJL089W	YMR087W	-
YJL089W	YOL079W	-
YJL089W	YOL126C	-
YJL110C	YBL111C	+
YJL110C	YBL112C	-
YJL110C	YBL113C	-
YJL110C	YBR166C	-
YJL110C	YCL066W	-
YJL110C	YCL067C	-
YJL110C	YCR018CA	-
YJL110C	YCR019W	-
YJL110C	YCR039C	+
YJL110C	YCR040W	-
YJL110C	YCR041W	+
YJL110C	YCR096C	+
YJL110C	YCR105W	+
YJL110C	YDL091C	-
YJL110C	YDR040C	+
YJL110C	YDR041W	+
YJL110C	YDR084C	+
YJL110C	YDR279W	-
YJL110C	YDR545W	-
YJL110C	YER002W	+
YJL110C	YER189W	+
YJL110C	YER190W	-
YJL110C	YGL001C	-
YJL110C	YGL133W	-
YJL110C	YGR166W	-
YJL110C	YKR034W	-
YJL110C	YKR105C	+
YJL110C	YLR463C	+
YJL110C	YLR465C	-
YJL110C	YMR260C	-
YJL110C	YNL241C	+
YJL110C	YNL337W	-
YJL110C	YNL338W	-
YJR147W	YBR166C	-
YJR147W	YCR028C	+
YJR147W	YER013W	+
YJR147W	YER044C	+
YJR147W	YFR007W	-
YJR147W	YGR249W	-
YJR147W	YIL119C	-
YJR147W	YKL178C	+
YJR147W	YKR040C	-
YJR147W	YKR042W	-
YJR147W	YMR019W	-
YJR147W	YOR368W	+
YJR147W	YPR139C	-
YJR147W	YPR140W	-
YKL015W	YCR105W	-
YKL015W	YDR264C	+
YKL015W	YDR265W	-
YKL015W	YEL060C	-
YKL015W	YEL070W	-
YKL015W	YGL071W	-
YKL015W	YGL074C	+
YKL015W	YGL181W	+
YKL015W	YGL254W	-
YKL015W	YGR084C	+
YKL015W	YGR175C	+
YKL015W	YGR250C	+
YKL015W	YGR255C	+
YKL015W	YGR256W	-
YKL015W	YHL015W	+
YKL015W	YHL016C	-
YKL015W	YHL039W	-
YKL015W	YHL040C	+
YKL015W	YHR037W	+
YKL015W	YJL085W	-
YKL015W	YLL011W	+
YKL015W	YLL033W	-
YKL015W	YLL034C	+
YKL015W	YLR130C	-
YKL015W	YLR142W	+
YKL015W	YLR153C	+
YKL015W	YLR205C	-
YKL015W	YLR206W	+
YKL015W	YLR213C	-
YKL015W	YLR301W	+
YKL015W	YLR312C	-
YKL015W	YLR312WA	-
YKL015W	YMR019W	-
YKL015W	YMR320W	+
YKL015W	YNR060W	+
YKL015W	YOL155C	-
YKL015W	YOR271C	+
YKL015W	YOR272W	-
YKL015W	YOR382W	-
YKL015W	YPL156C	+
YKL015W	YPR124W	-
YKL020C	YBR099C	-
YKL020C	YCR018CA	-
YKL020C	YCR019W	+
YKL020C	YCR096C	+
YKL020C	YDR040C	-
YKL020C	YDR041W	-
YKL020C	YDR084C	+
YKL020C	YDR495C	+
YKL020C	YGL001C	+
YKL020C	YJL203W	+
YKL020C	YJL204C	+
YKL032C	YAL064CA	+
YKL032C	YDL247W	+
YKL032C	YDR084C	-
YKL032C	YDR441C	-
YKL032C	YDR442W	+
YKL032C	YIL118W	-
YKL032C	YIL119C	+
YKL032C	YJR100C	-
YKL032C	YKL043W	-
YKL032C	YLL033W	-
YKL032C	YLL034C	+
YKL032C	YMR260C	-
YKL038W	YER028C	+
YKL038W	YHR092C	-
YKL038W	YHR094C	-
YKL038W	YHR095W	-
YKL043W	YAL063C	+
YKL043W	YAL064CA	+
YKL043W	YBL108CA	-
YKL043W	YBR068C	-
YKL043W	YBR112C	-
YKL043W	YCR065W	+
YKL043W	YCR098C	+
YKL043W	YDL245C	-
YKL043W	YDR451C	+
YKL043W	YEL070W	+
YKL043W	YER045C	-
YKL043W	YFL062W	+
YKL043W	YGR249W	+
YKL043W	YGR250C	+
YKL043W	YHR007C	-
YKL043W	YIL012W	-
YKL043W	YIL013C	+
YKL043W	YIL101C	-
YKL043W	YIL118W	+
YKL043W	YIL170W	-
YKL043W	YIL171W	-
YKL043W	YIL172C	+
YKL043W	YIL173W	+
YKL043W	YIL174W	+
YKL043W	YIL175W	-
YKL043W	YIR019C	+
YKL043W	YIR020C	+
YKL043W	YIR020WB	+
YKL043W	YJR094C	+
YKL043W	YJR127C	-
YKL043W	YKL109W	-
YKL043W	YKL110C	+
YKL043W	YMR016C	-
YKL043W	YMR019W	-
YKL043W	YMR135C	-
YKL043W	YOR107W	-
YKL043W	YPL024W	-
YKL043W	YPL025C	+
YKL043W	YPL177C	-
YKL043W	YPL230W	+
YKL043W	YPL265W	+
YKL109W	YBL001C	+
YKL109W	YBL045C	-
YKL109W	YBL111C	-
YKL109W	YBR099C	+
YKL109W	YCL066W	-
YKL109W	YCL067C	-
YKL109W	YCR039C	-
YKL109W	YCR040W	+
YKL109W	YCR041W	+
YKL109W	YDL004W	-
YKL109W	YDL205C	+
YKL109W	YDR322CA	+
YKL109W	YDR473C	-
YKL109W	YDR529C	+
YKL109W	YDR545W	+
YKL109W	YER188CA	+
YKL109W	YER189W	-
YKL109W	YGL001C	-
YKL109W	YGR059W	-
YKL109W	YGR166W	-
YKL109W	YHR051W	+
YKL109W	YHR193C	+
YKL109W	YIL043C	-
YKL109W	YIL125W	-
YKL109W	YIL161W	+
YKL109W	YIL174W	+
YKL109W	YIL175W	-
YKL109W	YJR048W	+
YKL109W	YJR077C	+
YKL109W	YKL001C	-
YKL109W	YKL015W	+
YKL109W	YKL016C	-
YKL109W	YLR288C	-
YKL109W	YLR289W	+
YKL109W	YLR395C	+
YKL109W	YLR463C	-
YKL109W	YLR465C	+
YKL109W	YNL337W	+
YKL109W	YNL338W	+
YKL109W	YNR001C	+
YKL109W	YOL077WA	+
YKL109W	YOL079W	-
YKL109W	YOR065W	-
YKL109W	YOR375C	+
YKL109W	YPL283C	+
YKL185W	YDL068W	+
YKL185W	YDR077W	-
YKL185W	YDR441C	+
YKL185W	YDR442W	-
YKL185W	YDR451C	+
YKL185W	YKL163W	-
YKL185W	YKR040C	-
YKL185W	YKR042W	-
YKL185W	YKR097W	-
YKL185W	YLR300W	+
YKL185W	YMR103C	-
YKL185W	YMR121C	-
YKL185W	YMR122WA	+
YKL185W	YPL024W	-
YKL185W	YPL025C	-
YKR034W	YBL111C	-
YKR034W	YBL112C	+
YKR034W	YBL113C	-
YKR034W	YBR057C	+
YKR034W	YBR166C	-
YKR034W	YCR039C	-
YKR034W	YCR040W	-
YKR034W	YCR041W	-
YKR034W	YCR105W	+
YKR034W	YDR042C	+
YKR034W	YDR084C	-
YKR034W	YDR473C	-
YKR034W	YDR545W	-
YKR034W	YEL063C	+
YKR034W	YER189W	-
YKR034W	YER190W	-
YKR034W	YFL021W	+
YKR034W	YGR019W	-
YKR034W	YHL016C	-
YKR034W	YHR037W	-
YKR034W	YHR157W	+
YKR034W	YJL110C	-
YKR034W	YLR142W	+
YKR034W	YLR439W	+
YKR034W	YMR086CA	+
YKR034W	YMR087W	-
YKR034W	YMR257C	+
YKR034W	YNL256W	-
YKR034W	YNL337W	-
YKR034W	YNL338W	+
YKR034W	YOR319W	-
YKR034W	YOR348C	+
YKR034W	YOR375C	-
YKR099W	YAR015W	-
YKR099W	YBR086C	+
YKR099W	YBR087W	-
YKR099W	YBR099C	+
YKR099W	YBR216C	+
YKR099W	YBR217W	-
YKR099W	YCL030C	-
YKR099W	YCR020CA	+
YKR099W	YDR084C	-
YKR099W	YDR408C	+
YKR099W	YER091C	-
YKR099W	YGL184C	-
YKR099W	YGL234W	+
YKR099W	YGR061C	+
YKR099W	YLR061W	+
YKR099W	YLR359W	-
YKR099W	YLR397C	-
YKR099W	YMR186W	-
YKR099W	YMR300C	-
YKR099W	YNL220W	-
YKR099W	YOR128C	-
YKR099W	YPL018W	+
YKR099W	YPL019C	+
YKR099W	YPL251W	+
YLR013W	YBL111C	-
YLR013W	YBL112C	+
YLR013W	YBL113C	-
YLR013W	YCL066W	-
YLR013W	YCL067C	-
YLR013W	YCR039C	+
YLR013W	YCR040W	+
YLR013W	YCR041W	+
YLR013W	YDR545W	-
YLR013W	YER188CA	+
YLR013W	YER189W	+
YLR013W	YFL062W	+
YLR013W	YHL048W	+
YLR013W	YIL174W	+
YLR013W	YIL175W	+
YLR013W	YJL225C	-
YLR013W	YKL001C	-
YLR013W	YLR463C	-
YLR013W	YLR465C	+
YLR013W	YML132W	+
YLR013W	YML133C	+
YLR013W	YNL337W	+
YLR013W	YNL338W	+
YLR013W	YPL283C	-
YLR098C	YCL063W	-
YLR098C	YCL066W	-
YLR098C	YCL067C	-
YLR098C	YCR039C	+
YLR098C	YCR040W	-
YLR098C	YCR041W	+
YLR098C	YDR310C	-
YLR098C	YER044C	+
YLR098C	YER189W	+
YLR098C	YER190W	-
YLR098C	YGR084C	+
YLR098C	YGR094W	+
YLR098C	YNL010W	+
YLR098C	YPR139C	-
YLR098C	YPR140W	-
YLR131C	YAL063C	+
YLR131C	YBR057C	+
YLR131C	YDL179W	+
YLR131C	YDR155C	+
YLR131C	YER078C	+
YLR131C	YER188CA	-
YLR131C	YER189W	+
YLR131C	YER190W	+
YLR131C	YFL021W	-
YLR131C	YFR017C	+
YLR131C	YGL133W	+
YLR131C	YGR044C	-
YLR131C	YHL028W	-
YLR131C	YHR193C	+
YLR131C	YHR195W	+
YLR131C	YJL077WB	-
YLR131C	YJR147W	+
YLR131C	YJR149W	-
YLR131C	YKL185W	+
YLR131C	YKR040C	+
YLR131C	YKR042W	+
YLR131C	YLR079W	-
YLR131C	YLR397C	-
YLR131C	YLR438CA	-
YLR131C	YLR439W	-
YLR131C	YML007W	-
YLR131C	YMR262W	-
YLR131C	YNL078W	+
YLR131C	YNL079C	+
YLR131C	YNL241C	-
YLR131C	YNL328C	-
YLR131C	YOR138C	-
YLR131C	YOR140W	-
YLR131C	YPL024W	-
YLR131C	YPL025C	-
YLR131C	YPL026C	+
YLR256W	YBL045C	+
YLR256W	YBR083W	+
YLR256W	YDR529C	+
YLR256W	YDR545W	-
YLR256W	YER044C	-
YLR256W	YER048C	+
YLR256W	YER189W	-
YLR256W	YER190W	+
YLR256W	YGL001C	-
YLR256W	YGL161C	-
YLR256W	YGR060W	-
YLR256W	YGR088W	-
YLR256W	YGR175C	-
YLR256W	YHR007C	+
YLR256W	YHR051W	-
YLR256W	YIR002C	-
YLR256W	YJL048C	-
YLR256W	YJR048W	-
YLR256W	YKL019W	-
YLR256W	YKL020C	+
YLR256W	YKL097C	-
YLR256W	YKR040C	+
YLR256W	YKR042W	+
YLR256W	YLL033W	+
YLR256W	YLL034C	+
YLR256W	YLR142W	-
YLR256W	YLR153C	-
YLR256W	YLR205C	-
YLR256W	YLR206W	+
YLR256W	YLR213C	-
YLR256W	YLR395C	-
YLR256W	YLR463C	-
YLR256W	YLR465C	-
YLR256W	YML007W	-
YLR256W	YML075C	+
YLR256W	YML076C	-
YLR256W	YMR070W	-
YLR256W	YMR134W	+
YLR256W	YMR201C	+
YLR256W	YNL337W	+
YLR256W	YNL338W	-
YLR256W	YNR060W	+
YLR256W	YOR065W	-
YLR256W	YOR348C	-
YLR256W	YPL028W	-
YLR256W	YPL231W	-
YLR256W	YPR065W	+
YLR403W	YBR048W	-
YLR403W	YBR281C	+
YLR403W	YBR282W	-
YLR403W	YDL184C	+
YLR403W	YHR140W	-
YLR403W	YJL148W	-
YLR403W	YJR123W	-
YLR403W	YLR061W	-
YLR403W	YMR186W	+
YLR403W	YOL121C	+
YLR451W	YBR048W	-
YLR451W	YBR068C	-
YLR451W	YCL018W	-
YLR451W	YCR018CA	+
YLR451W	YCR019W	+
YLR451W	YCR020CA	+
YLR451W	YDR042C	+
YLR451W	YDR077W	-
YLR451W	YDR278C	+
YLR451W	YDR279W	-
YLR451W	YER188CA	+
YLR451W	YER189W	+
YLR451W	YER190W	-
YLR451W	YFR007W	-
YLR451W	YGL001C	-
YLR451W	YGL181W	-
YLR451W	YGR271CA	-
YLR451W	YJL148W	-
YLR451W	YJR100C	-
YLR451W	YKL038W	+
YLR451W	YLL005C	+
YLR451W	YLR162WA	+
YLR451W	YML071C	+
YLR451W	YMR014W	-
YLR451W	YNL103W	+
YLR451W	YNL288W	+
YLR451W	YNL337W	+
YLR451W	YOL121C	+
YLR451W	YOR001W	+
YLR451W	YOR271C	+
YLR451W	YOR272W	+
YLR451W	YOR375C	-
YLR451W	YPR108WA	+
YML007W	YAL012W	-
YML007W	YBR099C	+
YML007W	YCR018CA	+
YML007W	YCR019W	-
YML007W	YCR102C	+
YML007W	YDL142C	-
YML007W	YDR040C	+
YML007W	YDR041W	+
YML007W	YDR084C	+
YML007W	YDR306C	+
YML007W	YDR307W	-
YML007W	YER048C	-
YML007W	YER078C	+
YML007W	YFR017C	+
YML007W	YGR060W	-
YML007W	YGR088W	-
YML007W	YJL203W	-
YML007W	YJL204C	-
YML007W	YJR123W	-
YML007W	YKL019W	-
YML007W	YKL020C	+
YML007W	YLL058W	+
YML007W	YLL059C	-
YML007W	YLR302C	-
YML007W	YLR367W	+
YML007W	YLR438CA	+
YML007W	YLR439W	+
YML007W	YLR461W	-
YML007W	YMR172CA	-
YML007W	YMR173WA	-
YML007W	YNL241C	-
YML007W	YPR065W	+
YML051W	YBR020W	+
YML076C	YEL055C	-
YML076C	YIR030C	+
YML076C	YNL010W	+
YML081W	YCR018CA	+
YML081W	YCR019W	+
YML081W	YDR042C	-
YML081W	YDR278C	+
YML081W	YJL148W	+
YML099C	YBR086C	+
YML099C	YBR087W	-
YML099C	YBR093C	-
YML099C	YDL068W	+
YML099C	YDL152W	-
YML099C	YDR084C	+
YML099C	YDR522C	+
YML099C	YHR193C	+
YML099C	YHR195W	+
YML099C	YJL085W	-
YML099C	YMR086CA	+
YML099C	YMR087W	-
YML099C	YOL057W	-
YML099C	YPL111W	-
YML099C	YPL177C	+
YML099C	YPL265W	+
YML113W	YCR096C	+
YML113W	YDR084C	+
YML113W	YDR520C	-
YML113W	YDR545W	-
YML113W	YER189W	-
YML113W	YER190W	-
YML113W	YGL001C	+
YML113W	YJL203W	-
YML113W	YJL204C	+
YML113W	YLR463C	-
YML113W	YLR465C	-
YML113W	YNL337W	-
YML113W	YNL338W	+
YML113W	YPL283C	+
YMR016C	YAL063C	-
YMR016C	YBL045C	-
YMR016C	YCR018CA	-
YMR016C	YCR019W	+
YMR016C	YCR028C	+
YMR016C	YDL205C	+
YMR016C	YDL244W	+
YMR016C	YDL245C	+
YMR016C	YDR040C	+
YMR016C	YDR041W	-
YMR016C	YDR077W	-
YMR016C	YDR122W	-
YMR016C	YDR441C	-
YMR016C	YDR442W	+
YMR016C	YDR451C	-
YMR016C	YDR516C	+
YMR016C	YDR545W	-
YMR016C	YEL070W	-
YMR016C	YER028C	-
YMR016C	YER045C	-
YMR016C	YGL034C	-
YMR016C	YGL166W	+
YMR016C	YGL255W	+
YMR016C	YGL259W	-
YMR016C	YGR088W	-
YMR016C	YGR132C	-
YMR016C	YGR133W	+
YMR016C	YGR249W	-
YMR016C	YHL015W	-
YMR016C	YHL016C	-
YMR016C	YHL048W	+
YMR016C	YHR138C	+
YMR016C	YIL118W	-
YMR016C	YIL119C	+
YMR016C	YIL171W	-
YMR016C	YIL172C	+
YMR016C	YIL173W	+
YMR016C	YIR020C	-
YMR016C	YIR027C	-
YMR016C	YJL172W	+
YMR016C	YJL225C	-
YMR016C	YJR094C	+
YMR016C	YJR127C	-
YMR016C	YJR156C	-
YMR016C	YJR157W	+
YMR016C	YKL097C	+
YMR016C	YKL109W	+
YMR016C	YKL110C	-
YMR016C	YKR105C	-
YMR016C	YLR090W	-
YMR016C	YLR262C	+
YMR016C	YLR300W	+
YMR016C	YLR461W	+
YMR016C	YML132W	-
YMR016C	YML133C	-
YMR016C	YMR121C	-
YMR016C	YMR122WA	+
YMR016C	YMR135C	-
YMR016C	YMR324C	-
YMR016C	YNL035C	+
YMR016C	YNL040W	-
YMR016C	YNL041C	-
YMR016C	YNL078W	-
YMR016C	YNL079C	-
YMR016C	YNL288W	+
YMR016C	YNL337W	-
YMR016C	YNL338W	-
YMR016C	YNR016C	+
YMR016C	YNR017W	-
YMR016C	YOL164W	-
YMR016C	YOR032C	-
YMR016C	YOR107W	+
YMR016C	YOR138C	-
YMR016C	YOR178C	+
YMR016C	YOR307C	-
YMR016C	YPL024W	-
YMR016C	YPL025C	+
YMR016C	YPL026C	-
YMR016C	YPL283C	+
YMR016C	YPR036W	-
YMR016C	YPR049C	-
YMR019W	YBR222C	-
YMR019W	YER068W	+
YMR019W	YGR094W	+
YMR019W	YIL166C	-
YMR019W	YJR098C	-
YMR019W	YJR099W	+
YMR019W	YLL058W	-
YMR019W	YLL059C	-
YMR019W	YNR011C	+
YMR021C	YAL022C	-
YMR021C	YBR297W	-
YMR021C	YDL030W	-
YMR021C	YDR294C	-
YMR021C	YGR088W	+
YMR021C	YGR255C	+
YMR021C	YGR256W	-
YMR021C	YHR193C	-
YMR021C	YJL048C	-
YMR021C	YJL148W	-
YMR021C	YJR100C	-
YMR021C	YLR213C	-
YMR021C	YLR397C	-
YMR021C	YMR320W	+
YMR021C	YPL018W	-
YMR021C	YPL019C	-
YMR021C	YPL177C	+
YMR021C	YPL251W	-
YMR021C	YPR108WA	+
YMR021C	YPR124W	+
YMR042W	YCR018CA	-
YMR042W	YCR019W	+
YMR042W	YDR048C	-
YMR042W	YDR451C	-
YMR042W	YER048C	-
YMR042W	YNL050C	+
YMR042W	YPL111W	-
YMR042W	YPL177C	+
YMR042W	YPL265W	+
YMR070W	YCL018W	-
YMR070W	YDL245C	+
YMR070W	YDR065W	-
YMR070W	YDR077W	+
YMR070W	YEL060C	-
YMR070W	YEL070W	+
YMR070W	YGL255W	+
YMR070W	YHL015W	+
YMR070W	YHL016C	+
YMR070W	YIL119C	-
YMR070W	YIL162W	-
YMR070W	YIR019C	+
YMR070W	YIR020C	+
YMR070W	YIR020WB	-
YMR070W	YJR048W	-
YMR070W	YKR040C	+
YMR070W	YKR042W	+
YMR070W	YLR130C	+
YMR070W	YLR397C	-
YMR070W	YMR186W	-
YMR070W	YNL036W	+
YMR070W	YOR353C	-
YMR164C	YCR105W	+
YMR164C	YDR317W	+
YMR164C	YGR024C	+
YMR164C	YGR175C	+
YMR164C	YLR033W	-
YMR164C	YMR103C	+
YMR164C	YNL256W	+
YMR164C	YOL077WA	-
YMR164C	YPL024W	-
YMR164C	YPL025C	+
YMR164C	YPL026C	-
YMR182C	YBL111C	-
YMR182C	YDR545W	-
YMR182C	YER188CA	-
YMR182C	YER189W	-
YMR182C	YIL174W	+
YMR182C	YIL175W	-
YMR182C	YNL337W	+
YMR182C	YNL338W	+
YMR182C	YPL283C	-
YMR280C	YER065C	-
YMR280C	YJL089W	-
YMR280C	YKR097W	-
YMR280C	YLR377C	-
YMR280C	YOL126C	-
YNL027W	YDR040C	+
YNL103W	YAL012W	+
YNL103W	YDR065W	+
YNL103W	YER091C	-
YNL103W	YFR030W	-
YNL103W	YGL184C	+
YNL103W	YGR084C	-
YNL103W	YGR256W	+
YNL103W	YIR017C	-
YNL103W	YJR010W	-
YNL103W	YKL001C	-
YNL103W	YLL005C	+
YNL103W	YLL033W	-
YNL103W	YLL034C	-
YNL103W	YLR179C	-
YNL103W	YLR301W	-
YNL103W	YNL220W	-
YNL103W	YNL277WA	+
YNL103W	YOL121C	-
YNL103W	YPR167C	+
YNL167C	YDR040C	-
YNL167C	YDR077W	-
YNL167C	YIL162W	+
YNL167C	YMR016C	+
YNL167C	YMR070W	-
YNL167C	YMR172CA	-
YNL167C	YMR173WA	+
YNL167C	YOR319W	+
YOL067C	YBR168W	+
YOL067C	YCR018CA	-
YOL067C	YCR019W	+
YOL067C	YCR096C	+
YOL067C	YDR042C	+
YOL067C	YDR084C	+
YOL067C	YDR322CA	+
YOL067C	YDR323C	-
YOL067C	YER013W	-
YOL067C	YGL254W	-
YOL067C	YHR157W	-
YOL067C	YJR100C	-
YOL067C	YLR262C	+
YOL067C	YLR302C	+
YOL067C	YLR397C	+
YOL067C	YMR019W	-
YOL067C	YMR126C	+
YOL067C	YMR227C	-
YOL067C	YNR001C	-
YOL067C	YPR198W	-
YOL089C	YCR096C	+
YOL089C	YCR097W	+
YOL089C	YCR102C	+
YOL089C	YDL068W	+
YOL089C	YDR042C	-
YOL089C	YDR084C	+
YOL089C	YDR098CB	-
YOL089C	YER048C	-
YOL089C	YER134C	-
YOL089C	YGL001C	+
YOL089C	YGR218W	-
YOL089C	YGR271CA	+
YOL089C	YJL200C	+
YOL089C	YLR461W	+
YOL089C	YMR019W	+
YOL089C	YNL038W	-
YOL089C	YNL050C	-
YOL089C	YNL337W	+
YOL089C	YOR001W	-
YOL089C	YPR198W	-
YOL108C	YBR030W	-
YOL108C	YBR093C	-
YOL108C	YDR146C	-
YOL108C	YDR278C	-
YOL108C	YDR279W	+
YOL108C	YDR497C	-
YOL108C	YGL077C	-
YOL108C	YJL048C	-
YOL108C	YLR133W	-
YOL108C	YLR153C	+
YOL108C	YNR016C	+
YOL108C	YNR017W	+
YOL108C	YPL231W	+
YOR032C	YDR042C	-
YOR032C	YDR522C	-
YOR032C	YGL001C	-
YOR032C	YHR005CA	+
YOR032C	YHR006W	-
YOR032C	YOR001W	-
YOR113W	YDL245C	+
YOR113W	YDR042C	+
YOR113W	YEL063C	+
YOR113W	YIL101C	+
YOR113W	YIR019C	+
YOR113W	YIR020C	-
YOR113W	YIR020WB	+
YOR113W	YJL148W	-
YOR113W	YML007W	+
YOR113W	YOL121C	+
YOR140W	YIL162W	-
YOR162C	YDR279W	-
YOR162C	YER013W	+
YOR162C	YER134C	+
YOR162C	YIL043C	-
YOR162C	YOR353C	-
YOR162C	YOR368W	+
YOR344C	YBL001C	+
YOR344C	YBL017C	-
YOR344C	YDR042C	+
YOR344C	YFR030W	+
YOR344C	YGL001C	+
YOR344C	YGL223C	+
YOR344C	YGL256W	-
YOR344C	YGL257C	+
YOR344C	YHR005CA	+
YOR344C	YHR006W	-
YOR344C	YJL139C	+
YOR344C	YJR124C	+
YOR344C	YKL015W	-
YOR344C	YKL016C	-
YOR344C	YKL097C	-
YOR344C	YLR033W	+
YOR344C	YLR121C	-
YOR344C	YMR324C	-
YOR344C	YOL064C	-
YOR344C	YPL211W	-
YOR363C	YBR020W	-
YOR363C	YDR048C	+
YOR363C	YIL100W	+
YOR363C	YIL101C	-
YOR363C	YJL148W	-
YOR363C	YNR001C	+
YOR363C	YOL083W	+
YPL038W	YAL012W	+
YPL038W	YDR042C	+
YPL038W	YDR522C	+
YPL038W	YEL073C	-
YPL038W	YER091C	-
YPL038W	YGL184C	-
YPL038W	YGL254W	-
YPL038W	YGL255W	-
YPL038W	YHR193C	+
YPL038W	YIR017C	+
YPL038W	YLL005C	-
YPL038W	YLL033W	-
YPL038W	YLL034C	-
YPL038W	YLR130C	-
YPL038W	YLR179C	+
YPL038W	YLR439W	-
YPL038W	YNL277WA	-
YPL038W	YOL121C	-
YPL038W	YPR167C	+
YPL075W	YCL030C	+
YPL075W	YER137CA	-
YPL075W	YHL034C	-
YPL075W	YHR092C	+
YPL075W	YHR185C	+
YPL075W	YJR048W	+
YPL177C	YDL245C	+
YPL177C	YDR077W	-
YPL177C	YDR441C	-
YPL177C	YDR442W	+
YPL177C	YEL070W	-
YPL177C	YIL101C	+
YPL177C	YIL118W	-
YPL177C	YIL119C	+
YPL177C	YIR019C	-
YPL177C	YIR020C	+
YPL177C	YIR020WB	-
YPL177C	YJR100C	-
YPL177C	YNL288W	+
YPL177C	YOR178C	+
YPL248C	YAR008W	+
YPL248C	YBL111C	+
YPL248C	YBL112C	-
YPL248C	YBL113C	+
YPL248C	YBR017C	+
YPL248C	YBR020W	+
YPL248C	YBR057C	-
YPL248C	YCL066W	+
YPL248C	YCL067C	-
YPL248C	YCR020CA	+
YPL248C	YCR105W	-
YPL248C	YDL149W	-
YPL248C	YDR009W	-
YPL248C	YDR545W	+
YPL248C	YER188CA	-
YPL248C	YER189W	+
YPL248C	YER190W	-
YPL248C	YJR048W	+
YPL248C	YLR397C	+
YPL248C	YML051W	+
YPL248C	YMR086CA	-
YPL248C	YMR087W	-
YPL248C	YNL337W	+
YPL248C	YOR138C	+
YPL248C	YOR140W	-
YPL248C	YPR194C	-
YPR065W	YBL045C	+
YPR065W	YBL111C	-
YPR065W	YBL112C	-
YPR065W	YBL113C	+
YPR065W	YCR065W	-
YPR065W	YCR098C	-
YPR065W	YCR102C	+
YPR065W	YCR105W	-
YPR065W	YDL245C	+
YPR065W	YDR042C	-
YPR065W	YDR077W	+
YPR065W	YDR155C	+
YPR065W	YDR441C	+
YPR065W	YDR442W	-
YPR065W	YDR545W	+
YPR065W	YEL055C	+
YPR065W	YEL070W	-
YPR065W	YER065C	-
YPR065W	YGL162W	+
YPR065W	YGL234W	-
YPR065W	YGR255C	+
YPR065W	YGR256W	-
YPR065W	YHR007C	+
YPR065W	YHR185C	+
YPR065W	YHR193C	-
YPR065W	YIL014CA	+
YPR065W	YIL101C	+
YPR065W	YIL118W	-
YPR065W	YIL119C	+
YPR065W	YIR019C	+
YPR065W	YIR020C	-
YPR065W	YIR020WB	+
YPR065W	YJL148W	-
YPR065W	YJR100C	+
YPR065W	YKL109W	+
YPR065W	YKL110C	+
YPR065W	YLR463C	-
YPR065W	YLR465C	-
YPR065W	YML055W	-
YPR065W	YML071C	-
YPR065W	YML075C	+
YPR065W	YMR014W	-
YPR065W	YMR016C	-
YPR065W	YMR103C	-
YPR065W	YMR135C	+
YPR065W	YNL036W	+
YPR065W	YNL288W	+
YPR065W	YNL337W	+
YPR065W	YNL338W	-
YPR065W	YOL077WA	+
YPR065W	YOL121C	+
YPR065W	YOL157C	+
YPR065W	YOR032C	-
YPR065W	YOR178C	+
YPR065W	YOR319W	+
YPR065W	YPL130W	+
YPR065W	YPL230W	-
YPR065W	YPL265W	-
YPR065W	YPR108WA	-
YPR196W	YER189W	-
YPR196W	YER190W	-
YPR196W	YNL337W	+
YPR199C	YAL017W	-
YPR199C	YAL018C	+
YPR199C	YCR039C	-
YPR199C	YCR040W	+
YPR199C	YCR041W	-
YPR199C	YCR096C	+
YPR199C	YDR317W	-
YPR199C	YHR195W	+
YPR199C	YLR397C	-
YPR199C	YMR086CA	+
YPR199C	YMR087W	+
YPR199C	YMR257C	+
