appY	appC	+
appY	yccB	+
appY	appB	+
appY	hyaF	+
appY	hyaE	+
appY	hyaD	+
appY	hyaC	+
appY	hyaB	+
appY	hyaA	+
appY	appA	+
arcA	fumB	+
arcA	fumC	-
arcA	gltA	-
arcA	hemA	+
arcA	hyaA	+
arcA	hyaB	+
arcA	hyaC	+
arcA	hyaD	+
arcA	hyaE	+
arcA	hyaF	+
arcA	rpoS	-
arcA	mdh	-
arcA	ndh	+
arcA	oppA	-
arcA	oppB	-
arcA	oppC	-
arcA	oppD	-
arcA	oppF	-
arcA	pflB	+
arcA	prfA	+
arcA	nuoH	-
arcA	nuoI	-
arcA	nuoJ	-
arcA	nuoK	-
arcA	nuoL	-
arcA	nuoN	-
arcA	gadX	+
arcA	prmC	+
arcA	puuR	-
arcA	caiE	+
arcA	glcB	-
arcA	xylR	+
arcA	gadA	+
arcA	glcF	-
arcA	rutG	+
arcA	rutF	+
arcA	rutE	+
arcA	rutD	+
arcA	rutC	+
arcA	rutB	+
arcA	rutA	+
arcA	glcA	-
arcA	glcG	-
arcA	glcE	-
arcA	glcD	-
arcA	hybO	-
arcA	yccB	+
arcA	appA	+
arcA	betA	-
arcA	betB	-
arcA	betI	-
arcA	betT	-
arcA	cadA	-
arcA	cadB	-
arcA	ptsG	-
arcA	sodA	-
arcA	sucA	-
arcA	sucB	+
arcA	sucC	-
arcA	sucD	+
arcA	focA	+
arcA	ubiC	-
arcA	ubiA	-
arcA	appB	+
arcA	appC	+
arcA	caiD	+
arcA	caiC	+
arcA	caiB	+
arcA	caiA	+
arcA	caiT	+
arcA	nuoM	-
arcA	nuoF	-
arcA	hybA	-
arcA	hybB	-
arcA	hybC	-
arcA	hybD	-
arcA	hybE	-
arcA	hybF	-
arcA	hybG	-
arcA	lldP	-
arcA	lldR	-
arcA	lldD	-
arcA	nuoA	-
arcA	nuoB	-
arcA	nuoC	-
arcA	nuoE	-
arcA	nuoG	-
atoC	atoD	+
atoC	atoA	+
atoC	atoE	+
atoC	atoB	+
baeR	mdtC	+
baeR	mdtB	+
baeR	mdtA	+
baeR	spy	+
baeR	mdtD	+
baeR	baeS	+
baeR	acrD	+
betI	betT	-
betI	betB	-
betI	betA	-
bglJ	bglG	+
bglJ	bglF	+
bglJ	bglB	+
cadC	cadB	+
cadC	cadA	+
caiF	caiA	+
caiF	caiT	+
caiF	caiE	+
caiF	caiB	+
caiF	caiC	+
caiF	caiD	+
cpxR	lpxD	+
cpxR	hlpA	+
cpxR	degP	+
cpxR	lpxA	+
cpxR	motA	-
cpxR	ompC	+
cpxR	ompF	-
cpxR	smpA	-
cpxR	dsbC	+
cpxR	yccA	+
cpxR	fabZ	+
cpxR	csgA	-
cpxR	baeS	+
cpxR	baeR	+
cpxR	bacA	+
cpxR	mdtD	+
cpxR	rseA	-
cpxR	csgG	-
cpxR	csgF	-
cpxR	csgE	-
cpxR	csgD	-
cpxR	csgB	-
cpxR	csgC	-
cpxR	ycfS	+
cpxR	spy	+
cpxR	ftnB	+
cpxR	mdtA	+
cpxR	mdtB	+
cpxR	mdtC	+
cpxR	rseC	-
cpxR	acrD	+
csgD	csgF	+
csgD	csgG	+
csgD	csgB	+
csgD	csgC	+
csgD	csgE	+
csgD	csgA	+
cspA	hns	+
dcuR	fumB	+
dgsA	malT	-
dgsA	ptsG	-
evgA	mdtF	+
evgA	ydeO	+
evgA	frc	+
evgA	mdtE	+
evgA	evgS	+
evgA	acrD	+
evgA	gadE	+
feaR	feaB	+
fhlA	hycI	+
fhlA	hycA	+
fhlA	hycB	+
fhlA	hycC	+
fhlA	hycD	+
fhlA	hycE	+
fhlA	hycF	+
fhlA	hycG	+
fhlA	hycH	+
fhlA	hypA	+
fhlA	hypB	+
fhlA	hypC	+
fhlA	hypD	+
fhlA	hypE	+
fhlA	hypF	+
fhlA	hydN	+
fhlA	hyfR	+
fis	hns	+
fis	hyaA	-
fis	hyaB	-
fis	hyaC	-
fis	hyaD	-
fis	hyaE	-
fis	hyaF	-
fis	katE	-
fis	ksgA	+
fis	osmY	-
fis	dps	-
fis	marA	+
fis	marR	+
fis	acs	-
fis	gadB	-
fis	sra	+
fis	marB	+
fis	nuoM	+
fis	nuoF	+
fis	nrfA	-
fis	actP	-
fis	yjcH	-
fis	nrfB	-
fis	nrfC	-
fis	nrfD	-
fis	nrfE	-
fis	nrfF	-
fis	nrfG	-
fis	mtlR	-
fis	nuoA	+
fis	nuoB	+
fis	nuoC	+
fis	nuoE	+
fis	nuoG	+
fis	nuoH	+
fis	nuoI	+
fis	nuoJ	+
fis	nuoK	+
fis	nuoL	+
fis	osmE	-
fis	apaH	+
fis	bglB	-
fis	bglF	-
fis	bglG	-
fis	carA	+
fis	carB	+
fis	dmsA	-
fis	dmsB	-
fis	dmsC	-
fis	fumB	-
fis	glnQ	-
fis	leuQ	+
fis	leuV	+
fis	leuW	+
fis	metT	+
fis	pheU	+
fis	rrfA	+
fis	rrfB	+
fis	rrfC	+
fis	rrfD	+
fis	rrfE	+
fis	rrfG	+
fis	rrfH	+
fis	rrlA	+
fis	rrlB	+
fis	rrlC	+
fis	rrlD	+
fis	rrlE	+
fis	rrlG	+
fis	rrlH	+
fis	rrsA	+
fis	narG	-
fis	narH	-
fis	narI	-
fis	narJ	-
fis	narK	-
fis	ndh	+
fis	ogt	-
fis	pflB	-
fis	ptsG	+
fis	pyrD	-
fis	tufB	+
fis	dusB	-
fis	rrsB	+
fis	rrsC	+
fis	rrsD	+
fis	rrsE	+
fis	rrsG	+
fis	rrsH	+
fis	rrfF	+
fis	serT	+
fis	thrT	+
fis	thrV	+
fis	thrW	+
fis	gadA	-
fis	gadC	-
fis	flxA	+
fis	yoaG	-
fis	yeaR	-
fis	ygjG	+
fis	nuoN	+
fis	gadX	-
fis	xylR	-
fis	alaT	+
fis	alaU	+
fis	alaV	+
fis	alaW	+
fis	argU	+
fis	argX	+
fis	glnW	+
fis	gltT	+
fis	gltU	+
fis	gltV	+
fis	gltW	+
fis	ileT	+
fis	ileU	+
fis	ileV	+
flhC	yhjH	+
flhC	gltJ	+
flhC	gltK	+
flhC	gltL	+
flhC	flgA	+
flhC	flgB	+
flhC	flgC	+
flhC	flgD	+
flhC	flgE	+
flhC	flgF	+
flhC	flgG	+
flhC	flgH	+
flhC	flgI	+
flhC	flgJ	+
flhC	flgM	+
flhC	flhA	+
flhC	fliI	+
flhC	fliJ	+
flhC	fliK	+
flhC	gltI	+
flhC	flgN	+
flhC	ycgR	+
flhC	flhE	+
flhC	flhB	+
flhC	fliY	+
flhC	ygbK	+
flhD	flhA	+
flhD	fliI	+
flhD	fliJ	+
flhD	fliK	+
flhD	gltI	+
flhD	flgN	+
flhD	ycgR	+
flhD	flhE	+
flhD	flhB	+
flhD	fliY	+
flhD	ygbK	+
flhC	fliL	+
flhC	fliM	+
flhC	fliN	+
flhC	mdh	-
flhC	recC	+
flhC	fliD	+
flhC	ppdC	+
flhC	ygdB	+
flhC	ppdB	+
flhC	fliO	+
flhC	fliE	+
flhC	fliF	+
flhC	fliA	+
flhC	fliZ	+
flhC	fliS	+
flhC	fliT	+
flhC	hypF	+
flhC	hydN	+
flhC	fliG	+
flhC	fliH	+
flhC	nrfA	+
flhC	nrfB	+
flhC	nrfC	+
flhC	nrfD	+
flhC	nrfE	+
flhC	nrfF	+
flhC	nrfG	+
flhC	fliP	+
flhC	fliQ	+
flhC	fliR	+
flhC	ccmH	+
flhC	ccmG	+
flhC	ccmF	+
flhC	ccmE	+
flhC	ccmC	+
flhC	ccmB	+
flhC	ccmA	+
flhC	ppdA	+
flhC	ccmD	+
flhD	mdh	-
flhD	recC	+
flhD	fliD	+
flhD	ppdC	+
flhD	ygdB	+
flhD	ppdB	+
flhD	fliO	+
flhD	fliE	+
flhD	fliF	+
flhD	fliA	+
flhD	fliZ	+
flhD	fliS	+
flhD	fliT	+
flhD	hypF	+
flhD	hydN	+
flhD	fliG	+
flhD	fliH	+
flhD	nrfA	+
flhD	nrfB	+
flhD	nrfC	+
flhD	nrfD	+
flhD	nrfE	+
flhD	nrfF	+
flhD	nrfG	+
flhD	fliP	+
flhD	fliQ	+
flhD	fliR	+
flhD	ccmH	+
flhD	ccmG	+
flhD	ccmF	+
flhD	ccmE	+
flhD	ccmC	+
flhD	ccmB	+
flhD	ccmA	+
flhD	ppdA	+
flhD	ccmD	+
flhD	yhjH	+
flhD	gltJ	+
flhD	gltK	+
flhD	gltL	+
flhD	flgA	+
flhD	flgB	+
flhD	flgC	+
flhD	flgD	+
flhD	flgE	+
flhD	flgF	+
flhD	flgG	+
flhD	flgH	+
flhD	flgI	+
flhD	flgJ	+
flhD	flgM	+
flhD	fliL	+
flhD	fliM	+
flhD	fliN	+
fur	fhuE	-
fur	flhC	-
fur	flhD	-
fur	fepB	-
fur	fumB	+
fur	hmp	-
fur	katE	-
fur	rpoS	-
fur	metH	-
fur	metJ	-
fur	ompF	+
fur	purR	-
fur	ftnA	+
fur	sodA	-
fur	sodB	+
fur	sucA	+
fur	sucB	+
fur	sucC	+
fur	sucD	+
fur	sufA	-
fur	gpmA	-
fur	sufE	-
fur	sufS	-
fur	sufD	-
fur	sufC	-
fur	sufB	-
fur	rcnR	+
fur	rcnA	-
fur	yhhY	-
fur	fhuF	-
gadE	purA	+
gadE	rcsA	+
gadE	fabZ	+
gadE	hdeA	+
gadE	hdeB	+
gadE	yhiD	+
gadE	gadB	+
gadE	hdeD	+
gadE	mdtE	+
gadE	mdtF	+
gadE	gadW	+
gadE	gadX	+
gadE	gadA	+
gadE	gadC	+
gadE	cadA	+
gadE	cadB	+
gadE	lpxD	+
gadE	fliC	+
gadE	hlpA	+
gadE	lpxA	+
gadE	lrp	+
gadW	slp	+
gadW	mdtE	+
gadW	mdtF	+
gadW	gadX	-
gadW	gadA	-
gadW	gadY	+
gadW	gadC	-
gadW	hdeA	+
gadW	hdeB	-
gadW	yhiD	-
gadW	gadB	-
gadW	gadE	+
gadW	dctR	+
gadX	gadE	+
gadX	hns	+
gadX	gadB	+
gadX	yhiD	+
gadX	hdeB	+
gadX	hdeA	-
gadX	lon	+
gadX	rpoS	+
gadX	gadC	+
gadX	hdeD	+
gadX	cadB	+
gadX	cadA	+
gadX	dctR	+
gadX	slp	+
gadX	mdtE	+
gadX	mdtF	+
gadX	gadY	+
gadX	gadA	+
gadX	gadW	-
gutM	srlB	+
gutM	srlD	+
gutM	gutQ	+
gutM	srlR	+
gutM	srlA	+
gutM	srlE	+
srlR	srlA	-
srlR	srlB	-
srlR	srlD	-
srlR	gutM	-
srlR	gutQ	-
srlR	srlE	-
hdfR	flhD	-
hdfR	flhC	-
hipA	hipB	-
hipB	hipA	-
hns	chiA	-
hns	fliA	+
hns	fliZ	+
hns	hdeA	-
hns	hdeB	-
hns	yhiD	-
hns	dps	-
hns	hdeD	-
hns	adiA	-
hns	stpA	-
hns	fimI	+
hns	mukF	+
hns	smtA	+
hns	gadW	-
hns	gadX	-
hns	alaU	-
hns	cadB	-
hns	fimA	+
hns	fimC	+
hns	fimD	+
hns	fimE	-
hns	fimF	+
hns	fimG	+
hns	fimH	+
hns	flhC	+
hns	flhD	+
hns	fliC	+
hns	degP	-
hns	ilvH	-
hns	ilvI	-
hns	leuO	-
hns	nhaA	-
hns	osmC	-
hns	rcsA	-
hns	ftnA	-
hns	sodB	-
hns	srlE	+
hns	srlB	+
hns	srlD	+
hns	gutM	+
hns	gutQ	+
hns	srlR	+
hns	nhaR	-
hns	alaV	-
hns	gltT	-
hns	gltU	-
hns	gltW	-
hns	ileU	-
hns	ileV	-
hns	micF	-
hns	rrfB	-
hns	rrfC	-
hns	rrfD	-
hns	rrfG	-
hns	rrfH	-
hns	rrlB	-
hns	rrlC	-
hns	rrlD	-
hns	rrlG	-
hns	rrlH	-
hns	rrsB	-
hns	rrsC	-
hns	rrsD	-
hns	rrsG	-
hns	rrsH	-
hns	rrfF	-
hns	thrV	-
hns	gadA	-
hns	caiF	-
hns	fliY	+
hns	yjjP	-
hns	yjjQ	-
hns	bglJ	-
hns	srlA	+
hns	appY	-
hns	bglB	-
hns	bglF	-
hns	bglG	-
hns	bolA	-
hns	cadA	-
ihfB	hipB	+
ihfB	hipA	+
ihfB	hycA	+
ihfB	hycB	+
ihfB	hycC	+
ihfB	hycD	+
ihfB	hycE	+
ihfB	hycF	+
ihfB	hycG	+
ihfB	hycH	+
ihfB	hypA	+
ihfB	hypB	+
ihfB	hypC	+
ihfB	hypD	+
ihfB	hypE	+
ihfB	ilvA	+
ihfB	ilvD	-
ihfB	ilvE	-
ihfB	ilvM	-
ihfB	narG	+
ihfB	narH	+
ihfB	narI	+
ihfB	narJ	+
ihfB	narK	+
ihfB	ndh	-
ihfB	ompC	-
ihfB	ompF	-
ihfB	ompR	-
ihfB	pflB	+
ihfB	prfA	+
ihfB	sodA	-
ihfB	sodB	-
ihfB	sucA	-
ihfB	sucB	-
ihfB	sucC	-
ihfB	sucD	-
ihfB	tdcA	+
ihfB	tdcB	+
ihfB	tdcC	+
ihfB	tdcD	+
ihfB	focA	+
ihfB	ilvL	+
ihfB	dusB	+
ihfB	ubiC	-
ihfB	ubiA	-
ihfB	sufE	+
ihfB	sufS	+
ihfB	sufD	+
ihfB	sufC	+
ihfB	sufB	+
ihfB	norV	+
ihfB	hycI	+
ihfB	glcA	+
ihfB	glcG	+
ihfB	glcE	+
ihfB	glcD	+
ihfB	ygjG	-
ihfB	tdcG	+
ihfB	tdcF	+
ihfB	tdcE	+
ihfB	dcuD	+
ihfB	ilvX	+
ihfB	osmE	-
ihfB	carA	-
ihfB	carB	-
ihfB	dmsA	-
ihfB	dmsB	-
ihfB	dmsC	-
ihfB	fhlA	+
ihfB	fimA	+
ihfB	fimC	+
ihfB	fimD	+
ihfB	fimF	+
ihfB	fimG	+
ihfB	fimH	+
ihfB	fis	+
ihfB	flhC	-
ihfB	flhD	-
ihfB	glnQ	+
ihfB	gltA	+
ihfB	hemA	+
ihfB	ihfA	-
ihfB	nrfC	-
ihfB	nrfD	-
ihfB	nrfE	-
ihfB	nrfF	+
ihfB	nrfG	-
ihfB	htrE	+
ihfB	ecpD	+
ihfB	fimI	+
ihfB	yeiL	+
ihfB	nuoA	-
ihfB	nuoB	-
ihfB	nuoC	-
ihfB	nuoE	-
ihfB	nuoG	-
ihfB	nuoH	-
ihfB	nuoI	-
ihfB	nuoJ	-
ihfB	nuoK	-
ihfB	nuoL	-
ihfB	nuoN	-
ihfB	hemF	-
ihfB	uspB	-
ihfB	yiaJ	-
ihfB	yiaK	+
ihfB	yiaL	+
ihfB	yiaM	+
ihfB	yiaN	+
ihfB	yiaO	+
ihfB	lyxK	+
ihfB	sgbH	+
ihfB	sgbU	+
ihfB	sgbE	+
ihfB	prmC	+
ihfB	norW	-
ihfB	caiE	-
ihfB	glcB	+
ihfB	micF	-
ihfB	glcF	+
ihfA	ompF	+
ihfA	ompR	-
ihfA	pflB	+
ihfA	prfA	+
ihfA	sodA	-
ihfA	sodB	-
ihfA	sucA	-
ihfA	sucB	-
ihfA	sucC	-
ihfA	sucD	-
ihfA	tdcA	+
ihfA	tdcB	+
ihfA	tdcC	+
ihfA	tdcD	+
ihfA	focA	+
ihfA	ilvL	+
ihfA	dusB	+
ihfA	ubiC	-
ihfA	ubiA	-
ihfB	sufA	+
ihfB	osmY	-
ihfB	dps	+
ihfB	acs	-
ihfB	adiA	+
ihfB	sra	+
ihfB	ibpB	+
ihfB	caiD	-
ihfB	caiC	-
ihfB	caiB	-
ihfB	caiA	-
ihfB	caiT	-
ihfB	atoD	+
ihfB	atoA	+
ihfB	atoE	+
ihfB	atoB	+
ihfB	nuoM	-
ihfB	nuoF	-
ihfB	nrfA	-
ihfB	amiA	-
ihfB	yjbE	+
ihfB	yjbF	+
ihfB	yjbG	+
ihfB	yjbH	+
ihfB	actP	-
ihfB	yjcH	-
ihfB	nrfB	-
ihfA	carB	-
ihfA	dmsA	-
ihfA	dmsB	-
ihfA	dmsC	-
ihfA	fhlA	+
ihfA	fimA	+
ihfA	fimC	+
ihfA	fimD	+
ihfA	fimF	+
ihfA	fimG	+
ihfA	fimH	+
ihfA	fis	+
ihfA	flhC	-
ihfA	flhD	-
ihfA	glnQ	+
ihfA	gltA	+
ihfA	hemA	+
ihfA	ihfB	-
ihfA	hipB	+
ihfA	hipA	+
ihfA	hycA	+
ihfA	hycB	+
ihfA	hycC	+
ihfA	hycD	+
ihfA	hycE	+
ihfA	hycF	+
ihfA	hycG	+
ihfA	hycH	+
ihfA	hypA	+
ihfA	hypB	+
ihfA	hypC	+
ihfA	hypD	+
ihfA	hypE	+
ihfA	ilvA	+
ihfA	ilvD	-
ihfA	ilvE	-
ihfA	ilvM	+
ihfA	narG	+
ihfA	narH	+
ihfA	narI	+
ihfA	narJ	+
ihfA	narK	+
ihfA	ndh	-
ihfA	ompC	-
ihfA	sgbE	+
ihfA	prmC	+
ihfA	norW	-
ihfA	caiE	-
ihfA	glcB	+
ihfA	micF	-
ihfA	glcF	+
ihfA	sufE	+
ihfA	sufS	+
ihfA	sufD	+
ihfA	sufC	+
ihfA	sufB	+
ihfA	norV	-
ihfA	hycI	+
ihfA	glcA	+
ihfA	glcG	+
ihfA	glcE	+
ihfA	glcD	+
ihfA	ygjG	-
ihfA	tdcG	+
ihfA	tdcF	+
ihfA	tdcE	+
ihfA	dcuD	+
ihfA	ilvX	-
ihfA	osmE	-
ihfA	carA	+
ihfA	sufA	+
ihfA	osmY	-
ihfA	dps	+
ihfA	acs	-
ihfA	adiA	+
ihfA	sra	+
ihfA	ibpB	+
ihfA	caiD	-
ihfA	caiC	-
ihfA	caiB	-
ihfA	caiA	-
ihfA	caiT	-
ihfA	atoD	+
ihfA	atoA	+
ihfA	atoE	+
ihfA	atoB	+
ihfA	nuoM	-
ihfA	nuoF	-
ihfA	nrfA	-
ihfA	amiA	-
ihfA	yjbE	+
ihfA	yjbF	+
ihfA	yjbG	+
ihfA	yjbH	+
ihfA	actP	-
ihfA	yjcH	-
ihfA	nrfB	+
ihfA	nrfC	-
ihfA	nrfD	-
ihfA	nrfE	-
ihfA	nrfF	+
ihfA	nrfG	+
ihfA	htrE	+
ihfA	ecpD	+
ihfA	fimI	+
ihfA	yeiL	+
ihfA	nuoA	-
ihfA	nuoB	-
ihfA	nuoC	-
ihfA	nuoE	-
ihfA	nuoG	-
ihfA	nuoH	-
ihfA	nuoI	-
ihfA	nuoJ	-
ihfA	nuoK	-
ihfA	nuoL	-
ihfA	nuoN	-
ihfA	hemF	-
ihfA	uspB	-
ihfA	yiaJ	-
ihfA	yiaK	+
ihfA	yiaL	+
ihfA	yiaM	+
ihfA	yiaN	+
ihfA	yiaO	+
ihfA	lyxK	+
ihfA	sgbH	+
ihfA	sgbU	+
leuO	bglB	+
leuO	bglJ	+
leuO	bglF	+
leuO	bglG	+
leuO	cadC	-
leuO	leuC	+
leuO	yjjQ	+
lldR	lldP	+
lldR	lldD	+
lrhA	fimE	+
lrhA	flhD	-
lrhA	flhC	-
lrp	alaT	-
lrp	alaU	-
lrp	alaV	-
lrp	gltT	-
lrp	gltU	-
lrp	gltV	-
lrp	gltW	-
lrp	ileT	-
lrp	ileU	-
lrp	ileV	-
lrp	micF	-
lrp	rrfA	-
lrp	rrfB	-
lrp	rrfC	-
lrp	rrfD	-
lrp	rrfE	-
lrp	rrfG	-
lrp	rrfH	-
lrp	rrlA	-
lrp	rrlB	-
lrp	rrlC	-
lrp	rrlD	-
lrp	rrlE	-
lrp	rrlG	-
lrp	rrlH	-
lrp	rrsA	-
lrp	rrsB	-
lrp	rrsC	-
lrp	rrsD	-
lrp	rrsE	-
lrp	rrsG	-
lrp	rrsH	-
lrp	rrfF	-
lrp	thrV	-
lrp	ilvX	-
lrp	fimA	+
lrp	fimC	+
lrp	fimD	+
lrp	fimE	+
lrp	fimF	+
lrp	fimG	+
lrp	fimH	+
lrp	ilvA	-
lrp	ilvD	-
lrp	ilvE	-
lrp	ilvH	+
lrp	ilvI	+
lrp	ilvM	-
lrp	livM	-
lrp	malT	+
lrp	ompC	-
lrp	ompF	+
lrp	oppA	-
lrp	oppB	-
lrp	oppC	-
lrp	oppD	-
lrp	oppF	-
lrp	osmC	-
lrp	sdaA	-
lrp	ilvL	-
lrp	osmY	-
lrp	hdeA	-
lrp	hdeB	-
lrp	yhiD	-
lrp	stpA	+
lrp	fimI	+
lrp	yeiL	+
lrp	yojI	+
marA	pqiB	+
marA	pqiA	+
marA	micF	+
marA	slp	-
marA	dctR	-
marA	marB	+
marA	marR	+
marA	inaA	+
marA	rfaY	+
marA	rfaZ	+
marA	yhiD	-
marA	hdeB	-
marA	hdeA	-
marA	rob	-
marA	zwf	+
marA	fumC	+
marA	fpr	+
marA	nfo	+
marA	poxB	+
marA	purA	-
marA	putA	+
marA	sodA	+
marA	tolC	+
marA	ygiA	+
marA	ygiB	+
marA	ygiC	+
marR	marA	-
marR	marB	-
metJ	metF	-
metJ	metL	-
metJ	metR	-
metJ	yeiB	-
metJ	ahpC	-
metJ	ahpF	-
metJ	metI	-
metJ	metA	-
metJ	metB	-
metJ	metC	-
metJ	metE	-
metR	glyA	+
metR	hmp	+
metR	metE	+
metR	metH	+
metR	metA	+
modE	hycI	+
modE	dmsA	-
modE	dmsB	-
modE	dmsC	-
modE	hycA	+
modE	hycB	+
modE	hycC	+
modE	hycD	+
modE	hycE	+
modE	hycF	+
modE	hycG	+
modE	hycH	+
modE	narL	+
modE	oppA	-
modE	oppB	-
modE	oppC	-
modE	oppD	-
modE	oppF	-
modE	ccmH	+
modE	ccmG	+
modE	ccmF	+
modE	ccmE	+
modE	ccmC	+
modE	ccmB	+
modE	ccmA	+
modE	ccmD	+
narL	fumB	-
narL	hyaA	-
narL	hyaB	-
narL	hyaC	-
narL	hyaD	-
narL	hyaE	-
narL	hyaF	-
narL	narG	+
narL	narH	+
narL	narI	+
narL	narJ	+
narL	narK	+
narL	ogt	+
narL	pflB	-
narL	focA	-
narL	ubiC	-
narL	ubiA	-
narL	nikR	-
narL	nuoM	+
narL	nuoF	+
narL	nrfA	-
narL	hybA	-
narL	hybB	-
narL	hybC	-
narL	hybD	-
narL	hybE	-
narL	hybF	-
narL	hybG	-
narL	torA	-
narL	torC	-
narL	nrfB	-
narL	nrfC	+
narL	nrfD	+
narL	nrfE	+
narL	nrfF	+
narL	nrfG	+
narL	ccmH	-
narL	ccmG	-
narL	ccmF	-
narL	ccmE	-
narL	ccmC	-
narL	ccmB	-
narL	ccmA	-
narL	nuoA	+
narL	nuoB	+
narL	nuoC	+
narL	nuoE	+
narL	nuoG	+
narL	nuoH	+
narL	nuoI	+
narL	nuoJ	+
narL	nuoK	+
narL	nuoL	+
narL	nuoN	+
narL	ccmD	-
narL	torD	-
narL	norW	-
narL	caiF	-
narL	yoaG	+
narL	yeaR	+
narL	norV	-
narL	hybO	-
narL	dcuR	-
narL	dmsA	-
narL	dmsB	-
narL	dmsC	-
nemR	nemA	-
nhaR	nhaA	+
nhaR	osmC	+
norR	norV	+
norR	norW	+
nsrR	wzzE	-
nsrR	fliA	-
nsrR	fliZ	-
nsrR	sufA	-
nsrR	wzyE	-
nsrR	dkgB	-
nsrR	nrfA	-
nsrR	nrfB	-
nsrR	nrfC	-
nsrR	nrfD	-
nsrR	nrfE	-
nsrR	nrfF	-
nsrR	nrfG	-
nsrR	norR	-
nsrR	dsdC	-
nsrR	feaR	-
nsrR	sufE	-
nsrR	sufS	-
nsrR	sufD	-
nsrR	sufC	-
nsrR	sufB	-
nsrR	yoaG	-
nsrR	yeaR	-
nsrR	fliY	-
nsrR	hycI	-
nsrR	feaB	-
nsrR	fhlA	-
nsrR	ihfA	-
nsrR	hmp	-
nsrR	hycA	-
nsrR	hycB	-
nsrR	hycC	-
nsrR	hycD	-
nsrR	hycE	-
nsrR	hycF	-
nsrR	hycG	-
nsrR	hycH	-
nsrR	hypA	-
nsrR	hypB	-
nsrR	hypC	-
nsrR	hypD	-
nsrR	hypE	-
nsrR	lrp	-
nsrR	ndh	-
nsrR	smpA	-
nsrR	sodB	-
nsrR	tsgA	-
ompR	csgD	+
ompR	csgF	+
ompR	csgG	+
ompR	omrB	+
ompR	omrA	+
ompR	micF	+
ompR	sra	-
ompR	ompF	+
ompR	ompC	+
ompR	flhD	-
ompR	flhC	-
ompR	bolA	-
ompR	csgE	+
oxyR	sufB	+
oxyR	fhuF	-
oxyR	uof	+
oxyR	sufC	+
oxyR	sufD	+
oxyR	sufS	+
oxyR	sufE	+
oxyR	trxC	+
oxyR	dps	+
oxyR	ahpF	+
oxyR	ahpC	+
oxyR	sufA	+
oxyR	fur	+
phoP	borD	+
phoP	rutG	+
phoP	rutF	+
phoP	rutE	+
phoP	rutD	+
phoP	rutC	+
phoP	rutB	+
phoP	rutA	+
phoP	rstA	+
phoP	slyB	-
phoP	mgrB	+
phoP	yrbL	+
phoP	dcuD	-
phoP	metB	+
phoP	metL	+
phoP	purD	+
phoP	purH	+
phoP	tolC	+
phoP	ygiA	+
phoP	ygiB	+
phoP	ygiC	+
phoP	treR	-
purR	hflD	-
purR	carA	-
purR	carB	-
purR	cvpA	-
purR	glyA	-
purR	purA	-
purR	purC	-
purR	purD	-
purR	ubiX	-
purR	speA	-
purR	pyrD	-
purR	purH	-
purR	purK	-
qseB	flhC	+
qseB	qseC	+
qseB	flhD	+
rcnR	rcnA	-
rcsA	osmB	+
rcsA	osmC	+
rcsA	sra	+
rcsA	yjbE	+
rcsA	yjbF	+
rcsA	yjbG	+
rcsA	yjbH	+
rcsA	rprA	+
rcsA	csgG	-
rcsA	csgF	-
rcsA	csgE	-
rcsA	csgD	-
rcsA	bdm	+
rcsA	wcaB	+
rcsA	wcaA	+
rcsA	wzc	+
rcsB	wza	+
rcsA	wza	+
rcsB	flhC	-
rcsB	flhD	-
rcsB	osmB	+
rcsB	osmC	+
rcsB	rcsA	+
rcsB	sra	+
rcsB	yjbE	+
rcsB	yjbF	+
rcsB	yjbG	+
rcsB	yjbH	+
rcsB	rprA	+
rcsB	csgG	-
rcsB	csgF	-
rcsB	csgE	-
rcsB	csgD	-
rcsB	bdm	+
rcsB	wcaB	+
rcsB	wcaA	+
rcsB	wzc	+
rcsB	wzb	+
rcsA	flhD	-
rcsA	flhC	-
rcsA	wzb	+
rob	fumC	+
rob	nfo	+
rob	sodA	+
rob	tolC	+
rob	ygiA	+
rob	ygiB	+
rob	ygiC	+
rob	zwf	+
rob	inaA	+
rob	marA	+
rob	marR	+
rob	marB	+
rob	micF	+
rstA	ompF	-
rstA	narG	+
rstA	narH	+
rstA	narI	+
rstA	csgD	-
rstA	csgE	-
rstA	csgF	-
rstA	csgG	-
rstA	narJ	+
rutR	nemR	-
rutR	gmr	-
rutR	rutA	-
rutR	rutB	-
rutR	rutC	-
rutR	rutD	-
rutR	rutE	-
rutR	rutF	-
rutR	rutG	-
rutR	gadX	-
rutR	gadW	-
rutR	fepB	-
rutR	carB	+
rutR	nemA	-
rutR	carA	+
soxR	fumC	+
soxR	soxS	+
soxS	inaA	+
soxS	rfaY	+
soxS	rfaZ	+
soxS	marA	+
soxS	marR	+
soxS	marB	+
soxS	micF	+
soxS	pqiA	+
soxS	pqiB	+
soxS	uof	+
soxS	zwf	+
soxS	ygiC	+
soxS	ygiB	+
soxS	ygiA	+
soxS	tolC	+
soxS	sodA	+
soxS	ptsG	+
soxS	poxB	+
soxS	pgi	+
soxS	nfo	+
soxS	fpr	+
soxS	fur	+
soxS	fumC	+
stpA	bglB	-
stpA	bglF	-
stpA	bglG	-
tdcA	tdcC	+
tdcA	tdcD	+
tdcA	tdcG	+
tdcA	tdcF	+
tdcA	tdcE	+
tdcA	tdcB	+
tdcR	tdcE	+
tdcR	tdcA	+
tdcR	tdcB	+
tdcR	tdcC	+
tdcR	tdcF	+
tdcR	tdcG	+
tdcR	tdcD	+
torR	gadA	-
torR	gadX	-
torR	torD	+
torR	torC	+
torR	torA	+
torR	yhiD	+
torR	hdeB	+
torR	hdeA	+
ydeO	mdtF	+
ydeO	mdtE	+
ydeO	gadE	+
yiaJ	yiaN	-
yiaJ	yiaM	-
yiaJ	yiaL	-
yiaJ	yiaK	-
yiaJ	yiaO	-
yiaJ	sgbE	-
yiaJ	sgbU	-
yiaJ	sgbH	-
yiaJ	lyxK	-
