accB	accC	-
acrR	acrA	-
acrR	acrB	-
acrR	micF	-
ada	aidB	+
ada	alkA	+
adiY	adiA	+
adiY	gadA	+
adiY	gadB	+
adiY	gadC	+
adiY	gadX	+
adiY	gltB	+
adiY	gltD	+
adiY	gltF	+
agaR	agaA	-
agaR	agaB	-
agaR	agaC	-
agaR	agaD	-
agaR	agaI	-
agaR	agaS	-
agaR	agaV	-
agaR	agaW	-
agaR	kbaY	-
agaR	kbaZ	-
allR	allA	-
allR	allB	-
allR	allS	-
allR	gcl	-
allR	glxK	-
allR	glxR	-
allR	hyi	-
allR	ybbW	-
allR	ybbY	-
allS	allC	+
allS	allD	+
appY	appA	+
appY	appB	+
appY	appC	+
appY	hyaA	+
appY	hyaB	+
appY	hyaC	+
appY	hyaD	+
appY	hyaE	+
appY	hyaF	+
appY	yccB	+
araC	araE	+
araC	araF	+
araC	araG	+
araC	araH	+
araC	araJ	+
araC	xylA	-
araC	xylB	-
arcA	aceE	-
arcA	aceF	-
arcA	ackA	+
arcA	acnA	-
arcA	acnB	-
arcA	aldA	-
arcA	appA	+
arcA	appB	+
arcA	appC	+
arcA	betA	-
arcA	betB	-
arcA	betI	-
arcA	betT	-
arcA	cadA	-
arcA	cadB	-
arcA	caiA	+
arcA	caiB	+
arcA	caiC	+
arcA	caiD	+
arcA	caiE	+
arcA	caiT	+
arcA	citC	-
arcA	citD	-
arcA	citE	-
arcA	citF	-
arcA	citG	-
arcA	citX	-
arcA	cydA	+
arcA	cydB	+
arcA	cydC	+
arcA	cydD	+
arcA	cyoA	-
arcA	cyoB	-
arcA	cyoC	-
arcA	cyoD	-
arcA	cyoE	-
arcA	dctA	-
arcA	dcuC	+
arcA	dpiA	+
arcA	dpiB	+
arcA	fadA	-
arcA	fadB	-
arcA	fadD	-
arcA	fadE	-
arcA	fadH	-
arcA	fadI	-
arcA	fadJ	-
arcA	fadL	-
arcA	focA	+
arcA	fumA	-
arcA	fumB	+
arcA	fumC	-
arcA	gadA	+
arcA	gadX	+
arcA	gatA	-
arcA	gatB	-
arcA	gatC	-
arcA	gatD	-
arcA	gatY	-
arcA	gatZ	-
arcA	glcA	-
arcA	glcB	-
arcA	glcD	-
arcA	glcF	-
arcA	glcG	-
arcA	glpA	-
arcA	glpB	-
arcA	glpC	-
arcA	glpD	-
arcA	gltA	-
arcA	hemA	+
arcA	hyaA	+
arcA	hyaB	+
arcA	hyaC	+
arcA	hyaD	+
arcA	hyaE	+
arcA	hyaF	+
arcA	hybA	-
arcA	hybB	-
arcA	hybC	-
arcA	hybD	-
arcA	hybE	-
arcA	hybF	-
arcA	hybG	-
arcA	hybO	-
arcA	icd	-
arcA	lldD	-
arcA	lldP	-
arcA	lldR	-
arcA	lpd	-
arcA	mdh	-
arcA	moeA	+
arcA	moeB	+
arcA	ndh	+
arcA	nuoA	-
arcA	nuoB	-
arcA	nuoC	-
arcA	nuoE	-
arcA	nuoF	-
arcA	nuoG	-
arcA	nuoH	-
arcA	nuoI	-
arcA	nuoJ	-
arcA	nuoK	-
arcA	nuoL	-
arcA	nuoM	-
arcA	nuoN	-
arcA	oppA	-
arcA	oppB	-
arcA	oppC	-
arcA	oppD	-
arcA	oppF	-
arcA	pflB	+
arcA	prfA	+
arcA	prmC	+
arcA	ptsG	-
arcA	puuA	-
arcA	puuD	-
arcA	puuR	-
arcA	rhaT	-
arcA	rplB	-
arcA	rplC	-
arcA	rplD	-
arcA	rplP	-
arcA	rplV	-
arcA	rplW	-
arcA	rpmC	-
arcA	rpoS	-
arcA	rpsC	-
arcA	rpsJ	-
arcA	rpsQ	-
arcA	rpsS	-
arcA	rutA	+
arcA	rutB	+
arcA	rutC	+
arcA	rutD	+
arcA	rutE	+
arcA	rutF	+
arcA	rutG	+
arcA	sodA	-
arcA	ssb	-
arcA	tpx	-
arcA	treB	+
arcA	treC	+
arcA	ubiA	-
arcA	ubiC	-
arcA	uvrA	-
arcA	xylR	+
arcA	ybdN	+
arcA	yccB	+
arcA	ydeA	-
arcA	yfiD	+
argP	argO	+
argP	dapB	+
argP	dapD	+
argP	dnaA	+
argP	dnaN	+
argP	gdhA	+
argP	lysA	+
argP	lysC	+
argP	lysP	+
argP	nrdA	+
argP	nrdB	+
argP	recF	+
argP	yfaE	+
argR	argA	-
argR	argB	-
argR	argC	-
argR	argD	-
argR	argE	-
argR	argF	-
argR	argG	-
argR	argH	-
argR	argI	-
argR	artI	-
argR	artJ	-
argR	artM	-
argR	artP	-
argR	artQ	-
argR	astA	+
argR	astB	+
argR	astC	+
argR	astD	+
argR	astE	+
argR	carA	-
argR	carB	-
argR	gltB	-
argR	gltD	-
argR	gltF	-
argR	hisJ	-
argR	hisM	-
argR	hisP	-
argR	hisQ	-
argR	infB	-
argR	metY	-
argR	nusA	-
argR	pnp	-
argR	rbfA	-
argR	rpsO	-
argR	truB	-
arsR	arsB	-
arsR	arsC	-
ascG	ascB	-
ascG	ascF	-
ascG	htpG	-
ascG	prpR	-
ascG	ybiT	-
asnC	asnA	+
asnC	mioC	-
asnC	mnmG	-
atoC	atoA	+
atoC	atoB	+
atoC	atoD	+
atoC	atoE	+
baeR	acrD	+
baeR	baeS	+
baeR	mdtA	+
baeR	mdtB	+
baeR	mdtC	+
baeR	mdtD	+
baeR	spy	+
betI	betA	-
betI	betB	-
betI	betT	-
birA	bioA	-
birA	bioB	-
birA	bioC	-
birA	bioD	-
birA	bioF	-
crp	aaeA	-
crp	aaeB	-
crp	aaeR	-
crp	aaeX	-
crp	aceA	-
crp	aceB	-
crp	aceE	+
crp	aceF	+
crp	aceK	-
crp	acnA	+
crp	acnB	+
crp	acs	+
crp	actP	+
crp	aer	+
crp	agaA	+
crp	agaV	+
crp	agaW	+
crp	agp	+
crp	aldA	+
crp	aldB	+
crp	ampD	-
crp	ampE	-
crp	ansB	+
crp	araA	+
crp	araB	+
crp	araC	+
crp	araD	+
crp	araE	+
crp	araF	+
crp	araG	+
crp	araH	+
crp	argG	+
crp	aroA	-
crp	ascB	+
crp	ascF	+
crp	aspA	+
crp	bglB	+
crp	bglF	+
crp	bglG	+
crp	bhsA	-
crp	caiA	+
crp	caiB	+
crp	caiC	+
crp	caiD	+
crp	caiE	+
crp	caiF	+
crp	caiT	+
crp	chbA	+
crp	chbB	+
crp	chbC	+
crp	chbF	+
crp	chbG	+
crp	chbR	+
crp	citC	-
crp	citD	-
crp	citE	-
crp	citF	-
crp	citG	-
crp	citX	-
crp	cpdB	+
crp	csgD	+
crp	csgE	+
crp	csgF	+
crp	csgG	+
crp	csiD	+
crp	csiE	+
crp	cspE	+
crp	cstA	+
crp	cyaA	-
crp	cyaR	+
crp	cyoA	+
crp	cyoB	+
crp	cyoC	+
crp	cyoD	+
crp	cyoE	+
crp	cysG	-
crp	dctA	+
crp	dcuA	+
crp	dcuB	+
crp	dcuR	+
crp	dksA	+
crp	dpiA	-
crp	dpiB	-
crp	dsdA	+
crp	dsdX	+
crp	entA	+
crp	entB	+
crp	entC	+
crp	entD	+
crp	entE	+
crp	epd	+
crp	exuT	+
crp	fadD	+
crp	fadH	+
crp	fadL	-
crp	fbaA	+
crp	feaR	+
crp	fecA	+
crp	fecB	+
crp	fecC	+
crp	fecD	+
crp	fecE	+
crp	fepA	+
crp	fiu	+
crp	fixA	+
crp	fixB	+
crp	fixC	+
crp	fixX	+
crp	flhC	+
crp	flhD	+
crp	focA	+
crp	focB	+
crp	fucI	+
crp	fucK	+
crp	fucP	+
crp	fucR	+
crp	fucU	+
crp	fumA	+
crp	fumB	+
crp	fur	+
crp	gabD	+
crp	gabP	+
crp	gabT	+
crp	gadA	-
crp	gadB	-
crp	gadC	-
crp	gadE	-
crp	gadX	-
crp	galP	+
crp	galS	+
crp	gapA	+
crp	gatA	+
crp	gatB	+
crp	gatC	+
crp	gatD	+
crp	gatY	+
crp	gatZ	+
crp	gcd	-
crp	gdhA	-
crp	glcC	+
crp	glgS	+
crp	glpA	+
crp	glpB	+
crp	glpC	+
crp	glpD	+
crp	glpE	+
crp	glpF	+
crp	glpG	+
crp	glpK	+
crp	glpQ	+
crp	glpR	+
crp	glpT	+
crp	glpX	+
crp	gltA	+
crp	gltB	-
crp	gltD	-
crp	gltF	-
crp	gntK	+
crp	gntP	+
crp	gntT	+
crp	gntU	+
crp	gntX	+
crp	grpE	+
crp	guaA	+
crp	guaB	+
crp	gutM	+
crp	gutQ	+
crp	gyrA	+
crp	hflC	-
crp	hflK	-
crp	hflX	-
crp	hfq	-
crp	hlyE	+
crp	hofB	+
crp	hofC	+
crp	hofM	+
crp	hofN	+
crp	hofO	+
crp	hofP	+
crp	hpt	+
crp	hupA	+
crp	hupB	+
crp	hyfA	+
crp	hyfB	+
crp	hyfC	+
crp	hyfD	+
crp	hyfE	+
crp	hyfF	+
crp	hyfG	+
crp	hyfH	+
crp	hyfI	+
crp	hyfJ	+
crp	hyfR	+
crp	idnD	+
crp	idnK	+
crp	idnO	+
crp	idnR	+
crp	idnT	+
crp	ilvB	+
crp	ilvN	+
crp	infB	-
crp	ivbL	+
crp	kbaZ	+
crp	lacI	+
crp	lamB	+
crp	lsrA	+
crp	lsrB	+
crp	lsrC	+
crp	lsrD	+
crp	lsrF	+
crp	lsrG	+
crp	lsrK	+
crp	lsrR	+
crp	malE	+
crp	malF	+
crp	malG	+
crp	malK	+
crp	malM	+
crp	malS	+
crp	malT	+
crp	malX	+
crp	malY	+
crp	manX	+
crp	manY	+
crp	manZ	+
crp	marA	+
crp	marB	+
crp	marR	+
crp	mdh	+
crp	mdtE	-
crp	mdtF	-
crp	melA	+
crp	melB	+
crp	melR	+
crp	metK	-
crp	metY	-
crp	mglA	+
crp	mglB	+
crp	mglC	+
crp	mhpA	+
crp	mhpB	+
crp	mhpC	+
crp	mhpD	+
crp	mhpE	+
crp	mhpF	+
crp	mhpR	+
crp	modA	+
crp	modB	+
crp	modC	+
crp	mpl	+
crp	mtlA	+
crp	mtlD	+
crp	mtlR	+
crp	murP	+
crp	murQ	+
crp	nanA	+
crp	nanC	+
crp	nanE	+
crp	nanK	+
crp	nanM	+
crp	nanT	+
crp	narQ	-
crp	nfuA	+
crp	nirB	-
crp	nirC	-
crp	nirD	-
crp	nlpE	-
crp	nmpC	+
crp	nrdA	+
crp	nrdB	+
crp	nupC	+
crp	nusA	-
crp	ompA	+
crp	ompF	+
crp	osmY	-
crp	oxyR	+
crp	paaA	+
crp	paaB	+
crp	paaC	+
crp	paaD	+
crp	paaE	+
crp	paaF	+
crp	paaG	+
crp	paaH	+
crp	paaI	+
crp	paaJ	+
crp	paaK	+
crp	pdhR	+
crp	pflB	+
crp	pgk	+
crp	pncB	-
crp	pnp	-
crp	ppdD	+
crp	prpB	+
crp	prpC	+
crp	prpD	+
crp	prpE	+
crp	prpR	+
crp	psiE	-
crp	ptsG	+
crp	putP	-
crp	rbfA	-
crp	rbsA	+
crp	rbsB	+
crp	rbsC	+
crp	rbsD	+
crp	rbsK	+
crp	rbsR	+
crp	relA	+
crp	rhaA	+
crp	rhaB	+
crp	rhaD	+
crp	rhaR	+
crp	rhaS	+
crp	rhaT	+
crp	rof	-
crp	rpsO	-
crp	sbmC	+
crp	sdhA	+
crp	sdhB	+
crp	sdhC	+
crp	sdhD	+
crp	serA	+
crp	serC	-
crp	sfsA	+
crp	sodA	+
crp	sodB	-
crp	sohB	-
crp	spf	-
crp	srlA	+
crp	srlB	+
crp	srlD	+
crp	srlE	+
crp	srlR	+
crp	sucA	+
crp	sucB	+
crp	sucC	+
crp	sucD	+
crp	tam	+
crp	tdcA	+
crp	tdcB	+
crp	tdcC	+
crp	tdcD	+
crp	tdcE	+
crp	tdcF	+
crp	tdcG	+
crp	tnaA	+
crp	tnaB	+
crp	tnaC	+
crp	trg	+
crp	truB	-
crp	trxA	-
crp	ugpA	+
crp	ugpB	+
crp	ugpC	+
crp	ugpE	+
crp	ugpQ	+
crp	uhpT	+
crp	uidA	+
crp	uidB	+
crp	uidC	+
crp	ulaA	+
crp	ulaB	+
crp	ulaC	+
crp	ulaD	+
crp	ulaE	+
crp	ulaF	+
crp	uxaA	+
crp	uxaB	+
crp	uxaC	+
crp	uxuA	+
crp	uxuB	+
crp	uxuR	+
crp	xseA	-
crp	xylA	+
crp	xylB	+
crp	xylF	+
crp	xylG	+
crp	xylH	+
crp	xylR	+
crp	yaeJ	-
crp	yaeP	-
crp	yaeQ	-
crp	ybiT	+
crp	ychH	+
crp	yeiW	+
crp	yfaE	+
crp	yfiD	+
crp	yhcH	+
crp	yiaJ	-
crp	yjcH	+
crp	ynfK	+
crp	zraR	+
crp	zraS	+
cadC	cadA	+
cadC	cadB	+
caiF	caiA	+
caiF	caiB	+
caiF	caiC	+
caiF	caiD	+
caiF	caiE	+
caiF	caiT	+
caiF	fixA	+
caiF	fixB	+
caiF	fixC	+
caiF	fixX	+
cbl	ssuA	+
cbl	ssuB	+
cbl	ssuC	+
cbl	ssuD	+
cbl	ssuE	+
cbl	tauA	+
cbl	tauB	+
cbl	tauC	+
cbl	tauD	+
cdaR	garD	+
cdaR	garK	+
cdaR	garL	+
cdaR	garP	+
cdaR	garR	+
cdaR	gudD	+
cdaR	gudP	+
cdaR	gudX	+
cdaR	rnpB	+
cpxR	acrD	+
cpxR	aroG	+
cpxR	bacA	+
cpxR	baeR	+
cpxR	baeS	+
cpxR	cheA	-
cpxR	cheW	-
cpxR	cpxA	+
cpxR	cpxP	+
cpxR	csgA	-
cpxR	csgB	-
cpxR	csgC	-
cpxR	csgD	-
cpxR	csgE	-
cpxR	csgF	-
cpxR	csgG	-
cpxR	degP	+
cpxR	dsbA	+
cpxR	dsbC	+
cpxR	fabZ	+
cpxR	ftnB	+
cpxR	hha	+
cpxR	lpxA	+
cpxR	lpxD	+
cpxR	mdtA	+
cpxR	mdtB	+
cpxR	mdtC	+
cpxR	mdtD	+
cpxR	motA	-
cpxR	motB	-
cpxR	ompC	+
cpxR	ompF	-
cpxR	ppiA	+
cpxR	ppiD	+
cpxR	psd	-
cpxR	rdoA	+
cpxR	rpoE	-
cpxR	rpoH	+
cpxR	rseA	-
cpxR	rseB	-
cpxR	rseC	-
cpxR	spy	+
cpxR	tomB	+
cpxR	tsr	-
cpxR	ung	-
cpxR	yccA	+
cpxR	ycfS	+
cpxR	ydeH	+
cpxR	yebE	+
cpxR	yidQ	+
cpxR	yjeP	-
cpxR	yqjA	+
creB	creD	+
creB	malE	-
creB	malF	-
creB	malG	-
creB	talA	+
csgD	adrA	+
csgD	csgA	+
csgD	csgB	+
csgD	csgC	+
csgD	fliE	-
csgD	fliF	-
csgD	fliG	-
csgD	fliH	-
csgD	fliI	-
csgD	fliJ	-
csgD	fliK	-
csgD	iraP	+
csgD	nlpA	+
csgD	pepD	-
csgD	wrbA	+
csgD	yccJ	+
csgD	yccT	+
csgD	yhbS	-
csgD	yhbT	-
csiR	csiD	-
csiR	gabD	-
csiR	gabP	-
csiR	gabT	-
cspA	gyrA	+
cspA	hns	+
cueR	copA	+
cueR	cueO	+
cueR	moaA	-
cueR	moaB	-
cueR	moaC	-
cueR	moaD	-
cueR	moaE	-
cusR	cusA	+
cusR	cusB	+
cusR	cusC	+
cusR	cusF	+
cusR	cusS	+
cynR	cynS	+
cynR	cynT	+
cynR	cynX	+
cysB	cbl	+
cysB	cysA	+
cysB	cysC	+
cysB	cysD	+
cysB	cysH	+
cysB	cysI	+
cysB	cysJ	+
cysB	cysK	+
cysB	cysM	+
cysB	cysN	+
cysB	cysP	+
cysB	cysU	+
cysB	cysW	+
cysB	hslJ	-
cysB	ssuA	-
cysB	ssuB	-
cysB	ssuC	-
cysB	ssuD	-
cysB	ssuE	-
cysB	tauA	+
cysB	tauB	+
cysB	tauC	+
cysB	tauD	+
cytR	cdd	-
cytR	deoA	-
cytR	deoB	-
cytR	deoC	-
cytR	deoD	-
cytR	nupC	-
cytR	nupG	-
cytR	ppiA	-
cytR	rpoH	-
cytR	tsx	-
cytR	udp	-
dcuR	dctA	+
dcuR	dcuB	+
dcuR	dpiA	+
dcuR	dpiB	+
dcuR	frdA	+
dcuR	frdB	+
dcuR	frdC	+
dcuR	frdD	+
dcuR	fumB	+
deoR	deoA	-
deoR	deoB	-
deoR	deoC	-
deoR	deoD	-
deoR	tsx	-
dgsA	crr	-
dgsA	malT	-
dgsA	manX	-
dgsA	manY	-
dgsA	manZ	-
dgsA	ptsG	-
dgsA	ptsH	-
dgsA	ptsI	-
dgsA	ynfK	-
dhaR	dhaK	+
dhaR	dhaL	+
dhaR	dhaM	+
dicA	dicB	-
dicA	insD	-
dicA	intQ	-
dicA	ydfD	-
dicA	ydfE	-
dnaA	aldA	-
dnaA	dnaN	-
dnaA	guaA	-
dnaA	guaB	-
dnaA	polA	+
dnaA	recF	-
dnaA	rpoH	-
dpiA	appY	-
dpiA	citC	+
dpiA	citD	+
dpiA	citE	+
dpiA	citF	+
dpiA	citG	+
dpiA	citX	+
dpiA	dpiB	+
dpiA	exuT	+
dpiA	mdh	+
envR	acrA	-
envR	acrB	-
evgA	acrD	+
evgA	emrK	+
evgA	emrY	+
evgA	evgS	+
evgA	frc	+
evgA	gadE	+
evgA	mdtE	+
evgA	mdtF	+
evgA	ydeO	+
evgA	ydeP	+
evgA	yegR	+
evgA	yegZ	+
evgA	yfdX	+
exuR	exuT	-
exuR	uxaA	-
exuR	uxaB	-
exuR	uxaC	-
exuR	uxuA	-
exuR	uxuB	-
exuR	uxuR	-
fnr	ackA	+
fnr	acnA	-
fnr	acrE	+
fnr	acrF	+
fnr	adhE	+
fnr	aer	+
fnr	aldA	-
fnr	ansB	+
fnr	aspA	+
fnr	bcsB	+
fnr	bcsZ	+
fnr	cadC	+
fnr	caiA	+
fnr	caiB	+
fnr	caiC	+
fnr	caiD	+
fnr	caiE	+
fnr	caiF	+
fnr	caiT	+
fnr	ccmA	+
fnr	ccmB	+
fnr	ccmC	+
fnr	ccmD	+
fnr	ccmE	+
fnr	ccmF	+
fnr	ccmG	+
fnr	ccmH	+
fnr	cheB	+
fnr	cheR	+
fnr	cheY	+
fnr	cheZ	+
fnr	citC	-
fnr	citD	-
fnr	citE	-
fnr	citF	-
fnr	citG	-
fnr	citX	-
fnr	cydC	+
fnr	cydD	+
fnr	cyoA	-
fnr	cyoB	-
fnr	cyoC	-
fnr	cyoD	-
fnr	cyoE	-
fnr	cysG	+
fnr	dcuA	+
fnr	dcuB	+
fnr	dcuC	+
fnr	dcuR	+
fnr	dcuS	+
fnr	dmsA	+
fnr	dmsB	+
fnr	dmsC	+
fnr	dmsD	+
fnr	dpiA	-
fnr	dpiB	-
fnr	dppA	-
fnr	dppB	-
fnr	dppC	-
fnr	dppD	-
fnr	dppF	-
fnr	emrK	+
fnr	emrY	+
fnr	entF	+
fnr	fdhF	+
fnr	feoA	+
fnr	feoB	+
fnr	feoC	+
fnr	fepE	+
fnr	fes	+
fnr	fhlA	+
fnr	fixA	+
fnr	fixB	+
fnr	fixC	+
fnr	fixX	+
fnr	focA	+
fnr	focB	-
fnr	frdA	+
fnr	frdB	+
fnr	frdC	+
fnr	frdD	+
fnr	fumA	-
fnr	fumB	+
fnr	fumC	-
fnr	gadA	-
fnr	gadW	-
fnr	gadX	-
fnr	garK	+
fnr	garL	+
fnr	garP	+
fnr	garR	+
fnr	gcvH	+
fnr	gcvP	+
fnr	gcvT	+
fnr	gdhA	+
fnr	glpA	+
fnr	glpB	+
fnr	glpC	+
fnr	glpQ	+
fnr	glpT	+
fnr	gltB	-
fnr	gltD	-
fnr	gltF	-
fnr	gnd	-
fnr	hcp	+
fnr	hcr	+
fnr	hemA	-
fnr	hlyE	+
fnr	hmp	-
fnr	hyfA	-
fnr	hyfB	-
fnr	hyfC	-
fnr	hyfD	-
fnr	hyfE	-
fnr	hyfF	-
fnr	hyfG	-
fnr	hyfH	-
fnr	hyfI	-
fnr	hyfJ	-
fnr	hyfR	-
fnr	hypB	+
fnr	hypC	+
fnr	hypD	+
fnr	hypE	+
fnr	katG	+
fnr	malP	+
fnr	malQ	+
fnr	moaA	+
fnr	moaB	+
fnr	moaC	+
fnr	moaD	+
fnr	moaE	+
fnr	moeA	-
fnr	moeB	-
fnr	nac	-
fnr	napA	+
fnr	napB	+
fnr	napC	+
fnr	napD	+
fnr	napF	+
fnr	napG	+
fnr	napH	+
fnr	narG	+
fnr	narH	+
fnr	narI	+
fnr	narJ	+
fnr	narK	+
fnr	narL	-
fnr	narX	-
fnr	ndh	-
fnr	nikA	+
fnr	nikB	+
fnr	nikC	+
fnr	nikD	+
fnr	nikE	+
fnr	nikR	+
fnr	nirB	+
fnr	nirC	+
fnr	nirD	+
fnr	norV	-
fnr	norW	-
fnr	nrdD	+
fnr	nrdG	+
fnr	nrfA	+
fnr	nrfB	+
fnr	nrfC	+
fnr	nrfD	+
fnr	nrfE	+
fnr	nrfF	+
fnr	nrfG	+
fnr	nuoA	-
fnr	nuoB	-
fnr	nuoC	-
fnr	nuoE	-
fnr	nuoF	-
fnr	nuoG	-
fnr	nuoH	-
fnr	nuoI	-
fnr	nuoJ	-
fnr	nuoK	-
fnr	nuoL	-
fnr	nuoM	-
fnr	nuoN	-
fnr	ompW	+
fnr	ompX	-
fnr	pepT	+
fnr	pflB	+
fnr	pheM	-
fnr	phoU	+
fnr	pitA	+
fnr	prfA	-
fnr	prmC	-
fnr	pstA	+
fnr	pstB	+
fnr	pstC	+
fnr	pstS	+
fnr	purM	-
fnr	purN	-
fnr	puuA	-
fnr	rimM	-
fnr	rnpB	+
fnr	rplB	+
fnr	rplC	+
fnr	rplD	+
fnr	rplM	-
fnr	rplP	+
fnr	rplS	-
fnr	rplT	-
fnr	rplV	+
fnr	rplW	+
fnr	rpmC	+
fnr	rpsC	+
fnr	rpsI	-
fnr	rpsJ	+
fnr	rpsP	-
fnr	rpsQ	+
fnr	rpsS	+
fnr	sdhA	-
fnr	sdhB	-
fnr	sdhC	-
fnr	sdhD	-
fnr	sodA	-
fnr	soxR	-
fnr	soxS	-
fnr	ssuA	+
fnr	ssuB	+
fnr	ssuC	+
fnr	ssuD	+
fnr	ssuE	+
fnr	sucA	-
fnr	sucB	-
fnr	sucC	-
fnr	sucD	-
fnr	tap	+
fnr	tar	+
fnr	tdcA	+
fnr	tdcB	+
fnr	tdcC	+
fnr	tdcD	+
fnr	tdcE	+
fnr	tdcF	+
fnr	tdcG	+
fnr	tpx	-
fnr	trmD	-
fnr	ubiA	-
fnr	ubiC	-
fnr	upp	+
fnr	uraA	+
fnr	uxaA	+
fnr	uxaC	+
fnr	xdhA	+
fnr	xdhB	+
fnr	xdhC	+
fnr	ybdN	+
fnr	ybdZ	+
fnr	ychO	-
fnr	ydeJ	+
fnr	ydhT	+
fnr	ydhU	+
fnr	ydhV	+
fnr	ydhW	+
fnr	ydhX	+
fnr	ydhY	+
fnr	yecR	+
fnr	yeiL	-
fnr	yfgF	+
fnr	ygbA	-
fnr	yhjA	+
fnr	ynfE	+
fnr	ynfF	+
fnr	ynfG	+
fnr	ynfH	+
fnr	yqjI	+
fnr	ysgA	-
fnr	ytfE	-
fnr	zwf	-
fabR	fabA	-
fabR	fabB	-
fadR	fabA	+
fadR	fabB	+
fadR	fadA	-
fadR	fadB	-
fadR	fadD	-
fadR	fadE	-
fadR	fadH	-
fadR	fadI	-
fadR	fadJ	-
fadR	fadL	-
fadR	iclR	+
fadR	uspA	-
feaR	feaB	+
fhlA	fdhF	+
fhlA	focB	+
fhlA	hycA	+
fhlA	hycB	+
fhlA	hycC	+
fhlA	hycD	+
fhlA	hycE	+
fhlA	hycF	+
fhlA	hycG	+
fhlA	hycH	+
fhlA	hycI	+
fhlA	hydN	+
fhlA	hyfA	+
fhlA	hyfB	+
fhlA	hyfC	+
fhlA	hyfD	+
fhlA	hyfE	+
fhlA	hyfF	+
fhlA	hyfG	+
fhlA	hyfH	+
fhlA	hyfI	+
fhlA	hyfJ	+
fhlA	hyfR	+
fhlA	hypA	+
fhlA	hypB	+
fhlA	hypC	+
fhlA	hypD	+
fhlA	hypE	+
fhlA	hypF	+
fis	acnB	-
fis	acs	-
fis	actP	-
fis	adhE	+
fis	aldB	-
fis	ansB	-
fis	apaG	+
fis	apaH	+
fis	argU	+
fis	argW	+
fis	argX	+
fis	bglB	-
fis	bglF	-
fis	bglG	-
fis	carA	+
fis	carB	+
fis	cspI	-
fis	cysG	-
fis	deoA	+
fis	deoB	+
fis	deoC	+
fis	deoD	+
fis	dmsA	-
fis	dmsB	-
fis	dmsC	-
fis	dps	-
fis	dusB	-
fis	fadA	+
fis	fadB	+
fis	flxA	+
fis	fumB	-
fis	gadA	-
fis	gadB	-
fis	gadC	-
fis	gadX	-
fis	glcC	-
fis	glnA	+
fis	glnG	+
fis	glnL	+
fis	glnQ	-
fis	glpA	+
fis	glpB	+
fis	glpC	+
fis	glpQ	+
fis	glpT	+
fis	gltX	-
fis	glyT	+
fis	glyU	+
fis	guaA	-
fis	guaB	-
fis	gyrA	-
fis	gyrB	-
fis	hisR	+
fis	hlyE	-
fis	hns	+
fis	hupA	+
fis	hupB	-
fis	hyaA	-
fis	hyaB	-
fis	hyaC	-
fis	hyaD	-
fis	hyaE	-
fis	hyaF	-
fis	infB	+
fis	katE	-
fis	leuP	+
fis	leuW	+
fis	leuX	+
fis	lpd	+
fis	malE	+
fis	malF	+
fis	malG	+
fis	marA	+
fis	marB	+
fis	marR	+
fis	mazG	+
fis	metY	+
fis	mglA	-
fis	mglC	-
fis	msrA	-
fis	mtlA	-
fis	mtlD	-
fis	mtlR	-
fis	nanA	-
fis	nanE	-
fis	nanK	-
fis	nanT	-
fis	narG	-
fis	narH	-
fis	narI	-
fis	narJ	-
fis	narK	-
fis	nirB	-
fis	nirC	-
fis	nirD	-
fis	nrdA	+
fis	nrdB	+
fis	nrfA	-
fis	nrfB	-
fis	nrfC	-
fis	nrfD	-
fis	nrfE	-
fis	nrfF	-
fis	nrfG	-
fis	nuoA	+
fis	nuoB	+
fis	nuoC	+
fis	nuoE	+
fis	nuoF	+
fis	nuoG	+
fis	nuoH	+
fis	nuoI	+
fis	nuoJ	+
fis	nuoK	+
fis	nuoL	+
fis	nuoM	+
fis	nuoN	+
fis	nusA	+
fis	ogt	-
fis	osmE	-
fis	osmY	-
fis	pdxA	+
fis	pflB	-
fis	pnp	+
fis	proK	+
fis	proL	+
fis	proM	+
fis	proP	+
fis	pyrD	-
fis	queA	+
fis	rbfA	+
fis	rplM	-
fis	rpsI	-
fis	rpsO	+
fis	rrfA	+
fis	rrlA	+
fis	rrsC	+
fis	rrsG	+
fis	rrsH	+
fis	serT	+
fis	sra	+
fis	thrT	+
fis	thrU	+
fis	thrV	+
fis	thrW	+
fis	trg	+
fis	trmA	+
fis	truB	+
fis	tyrU	+
fis	xylF	-
fis	xylG	-
fis	xylH	-
fis	xylR	-
fis	yeaR	-
fis	yfaE	+
fis	yfiD	+
fis	yhcH	-
fis	yjcH	-
fis	yoaG	-
fucR	fucI	+
fucR	fucK	+
fucR	fucP	+
fucR	fucU	+
fur	aspC	-
fur	cirA	-
fur	cyoA	-
fur	cyoB	-
fur	cyoC	-
fur	cyoD	-
fur	cyoE	-
fur	entA	-
fur	entB	-
fur	entC	-
fur	entD	-
fur	entE	-
fur	entF	-
fur	exbB	-
fur	exbD	-
fur	fecA	-
fur	fecB	-
fur	fecC	-
fur	fecD	-
fur	fecE	-
fur	fecI	-
fur	fecR	-
fur	feoA	-
fur	feoB	-
fur	feoC	-
fur	fepA	-
fur	fepB	-
fur	fepC	-
fur	fepD	-
fur	fepE	-
fur	fepG	-
fur	fes	-
fur	fhuA	-
fur	fhuB	-
fur	fhuC	-
fur	fhuD	-
fur	fhuE	-
fur	fhuF	-
fur	fiu	-
fur	flhC	-
fur	flhD	-
fur	fnr	-
fur	ftnA	+
fur	fumB	+
fur	fumC	-
fur	garK	-
fur	garL	-
fur	garP	-
fur	garR	-
fur	glnD	-
fur	gltB	-
fur	gltD	-
fur	gltF	-
fur	gnd	-
fur	gpmA	-
fur	gspC	-
fur	gspD	-
fur	gspE	-
fur	gspF	-
fur	gspG	-
fur	gspH	-
fur	gspI	-
fur	gspJ	-
fur	gspK	-
fur	gspL	-
fur	gspM	-
fur	gspO	-
fur	hmp	-
fur	katE	-
fur	katG	-
fur	metH	-
fur	metJ	-
fur	mntH	-
fur	nac	-
fur	ndh	-
fur	nrdE	-
fur	nrdF	-
fur	nrdH	-
fur	nrdI	-
fur	ompF	+
fur	oppA	-
fur	oppB	-
fur	oppC	-
fur	oppD	-
fur	oppF	-
fur	purR	-
fur	pyrC	-
fur	rcnA	-
fur	rcnR	+
fur	rnpB	-
fur	rpoS	-
fur	ryhB	-
fur	sdhA	+
fur	sdhB	+
fur	sdhC	+
fur	sdhD	+
fur	sodA	-
fur	sodB	+
fur	soxR	-
fur	sucA	+
fur	sucB	+
fur	sucC	+
fur	sucD	+
fur	sufA	-
fur	sufB	-
fur	sufC	-
fur	sufD	-
fur	sufE	-
fur	sufS	-
fur	ybdZ	-
fur	ydfN	-
fur	yfiD	-
fur	ygaC	-
fur	yhhY	-
fur	yjjZ	-
fur	yqjH	-
fur	zwf	-
gadE	cyoA	+
gadE	cyoB	+
gadE	cyoC	+
gadE	cyoD	+
gadE	cyoE	+
gadE	fabZ	+
gadE	fliC	+
gadE	gadB	+
gadE	gadC	+
gadE	gadW	+
gadE	gadX	+
gadE	gltB	+
gadE	gltD	+
gadE	gltF	+
gadE	gnd	+
gadE	hdeA	+
gadE	hdeB	+
gadE	hdeD	+
gadE	lpxA	+
gadE	lpxD	+
gadE	lrp	+
gadE	mdtE	+
gadE	mdtF	+
gadE	purA	+
gadE	rcsA	+
gadE	yhiD	+
gadW	dctR	-
gadW	gadY	-
gadW	mdtE	+
gadW	mdtF	+
gadW	slp	-
gadX	amtB	+
gadX	asnB	+
gadX	btuB	-
gadX	cadA	+
gadX	cadB	+
gadX	dctR	+
gadX	gadA	+
gadX	gadB	+
gadX	gadC	+
gadX	gadY	+
gadX	glnK	+
gadX	hdeD	+
gadX	hns	+
gadX	lon	+
gadX	mdtE	+
gadX	mdtF	+
gadX	murI	-
gadX	rpoS	+
gadX	slp	+
gadX	uspE	+
gadX	ybaS	+
gadX	ybaT	+
galR	galP	-
galR	galS	-
galR	mglA	-
galR	mglB	-
galR	mglC	-
galS	galP	-
galS	mglA	-
galS	mglB	-
galS	mglC	-
gatR	gatA	-
gatR	gatB	-
gatR	gatC	-
gatR	gatD	-
gatR	gatY	-
gatR	gatZ	-
gcvA	gcvB	+
glcC	glcA	+
glcC	glcB	+
glcC	glcD	+
glcC	glcF	+
glcC	glcG	+
glpR	glpA	-
glpR	glpB	-
glpR	glpC	-
glpR	glpD	-
glpR	glpF	-
glpR	glpK	-
glpR	glpQ	-
glpR	glpT	-
glpR	glpX	-
gntR	eda	-
gntR	edd	-
gntR	gntK	-
gntR	gntT	-
gntR	gntU	-
gntR	gntX	-
gntR	idnD	-
gntR	idnK	-
gntR	idnO	-
gntR	idnR	-
gntR	idnT	-
gntR	nfuA	-
gutM	gutQ	+
gutM	srlA	+
gutM	srlB	+
gutM	srlD	+
gutM	srlE	+
gutM	srlR	+
hcaR	hcaB	+
hcaR	hcaC	+
hcaR	hcaD	+
hcaR	hcaE	+
hcaR	hcaF	+
hdfR	flhC	-
hdfR	flhD	-
hdfR	gltB	+
hdfR	gltD	+
hdfR	gltF	+
hipB	hipA	-
hyfR	focB	+
hyfR	hyfA	+
hyfR	hyfB	+
hyfR	hyfC	+
hyfR	hyfD	+
hyfR	hyfE	+
hyfR	hyfF	+
hyfR	hyfG	+
hyfR	hyfH	+
hyfR	hyfI	+
hyfR	hyfJ	+
iclR	aceA	-
iclR	aceB	-
iclR	aceK	-
idnR	gntK	-
idnR	gntU	-
idnR	idnD	+
idnR	idnK	+
idnR	idnO	+
idnR	idnT	+
iscR	erpA	-
iscR	hyaA	-
iscR	hyaB	-
iscR	hyaC	-
iscR	hyaD	-
iscR	hyaE	-
iscR	hyaF	-
iscR	iscA	-
iscR	iscS	-
iscR	iscU	-
iscR	napA	-
iscR	napB	-
iscR	napC	-
iscR	napD	-
iscR	napF	-
iscR	napG	-
iscR	napH	-
iscR	nfuA	-
iscR	nrdE	+
iscR	nrdF	+
iscR	nrdH	+
iscR	nrdI	+
iscR	rnlA	-
iscR	sufA	+
iscR	sufB	+
iscR	sufC	+
iscR	sufD	+
iscR	sufE	+
iscR	sufS	+
iscR	ydiU	+
kdgR	eda	-
kdgR	edd	-
kdpE	kdpA	+
kdpE	kdpB	+
kdpE	kdpC	+
kdpE	kdpF	+
lacI	lacA	-
lacI	lacY	-
lacI	lacZ	-
leuO	bglB	+
leuO	bglF	+
leuO	bglG	+
leuO	bglJ	+
leuO	cadC	-
leuO	dsrA	-
leuO	leuA	+
leuO	leuB	+
leuO	leuC	+
leuO	leuD	+
leuO	leuL	+
leuO	yjjQ	+
lexA	cho	-
lexA	ddlB	-
lexA	dinB	-
lexA	dinD	-
lexA	dinF	-
lexA	dinG	-
lexA	dinI	-
lexA	dinJ	-
lexA	dinQ	-
lexA	dnaG	-
lexA	ftsA	-
lexA	ftsI	-
lexA	ftsK	-
lexA	ftsL	-
lexA	ftsQ	-
lexA	ftsW	-
lexA	ftsZ	-
lexA	hokE	-
lexA	insK	-
lexA	lpxC	-
lexA	mraY	-
lexA	murC	-
lexA	murD	-
lexA	murE	-
lexA	murF	-
lexA	murG	-
lexA	phr	-
lexA	polB	-
lexA	recA	-
lexA	recN	-
lexA	recX	-
lexA	rpoD	-
lexA	rpsU	-
lexA	ruvA	-
lexA	ruvB	-
lexA	sbmC	-
lexA	ssb	-
lexA	sulA	-
lexA	symE	-
lexA	tisB	-
lexA	umuC	-
lexA	umuD	-
lexA	uvrA	-
lexA	uvrB	-
lexA	uvrC	-
lexA	uvrD	-
lexA	uvrY	-
lexA	yafN	-
lexA	yafO	-
lexA	yafP	-
lexA	yafQ	-
lexA	ybfE	-
lexA	ydjM	-
lexA	yebG	-
lrhA	fimE	+
lrhA	flhC	-
lrhA	flhD	-
lrp	adhE	-
lrp	aidB	-
lrp	argO	+
lrp	aroA	+
lrp	avtA	-
lrp	cadA	+
lrp	cadB	+
lrp	csiD	+
lrp	fimA	+
lrp	fimC	+
lrp	fimD	+
lrp	fimE	+
lrp	fimF	+
lrp	fimG	+
lrp	fimH	+
lrp	fimI	+
lrp	gabD	+
lrp	gabP	+
lrp	gabT	+
lrp	gcvH	+
lrp	gcvP	+
lrp	gcvT	+
lrp	gltB	+
lrp	gltD	+
lrp	gltF	+
lrp	hdeA	-
lrp	hdeB	-
lrp	ilvA	-
lrp	ilvD	-
lrp	ilvE	-
lrp	ilvH	+
lrp	ilvI	+
lrp	ilvL	-
lrp	ilvM	-
lrp	kbl	+
lrp	livF	-
lrp	livG	-
lrp	livH	-
lrp	livJ	-
lrp	livK	-
lrp	livM	-
lrp	lysP	+
lrp	lysU	-
lrp	malT	+
lrp	micF	-
lrp	ompC	-
lrp	ompF	+
lrp	oppA	-
lrp	oppB	-
lrp	oppC	-
lrp	oppD	-
lrp	oppF	-
lrp	osmY	-
lrp	rrfA	-
lrp	rrlA	-
lrp	rrsG	-
lrp	rrsH	-
lrp	sdaA	-
lrp	serC	+
lrp	stpA	+
lrp	tdh	+
lrp	thrV	-
lrp	yeiL	+
lrp	yhiD	-
lrp	yojI	+
lsrR	lsrA	-
lsrR	lsrB	-
lsrR	lsrC	-
lsrR	lsrD	-
lsrR	lsrF	-
lsrR	lsrG	-
lsrR	lsrK	-
lsrR	tam	-
lysR	lysA	+
malI	malX	-
malI	malY	-
malT	lamB	+
malT	malE	+
malT	malF	+
malT	malG	+
malT	malK	+
malT	malM	+
malT	malP	+
malT	malQ	+
malT	malS	+
malT	malZ	+
marA	acnA	+
marA	acrA	+
marA	acrB	+
marA	dctR	-
marA	fpr	+
marA	fumC	+
marA	hdeA	-
marA	hdeB	-
marA	inaA	+
marA	marB	+
marA	micF	+
marA	nfo	+
marA	nfsA	+
marA	nfsB	+
marA	poxB	+
marA	pqiA	+
marA	pqiB	+
marA	purA	-
marA	putA	+
marA	rfaZ	+
marA	rimK	+
marA	slp	-
marA	sodA	+
marA	tolC	+
marA	ybaO	+
marA	ybjC	+
marA	ybjN	+
marA	ygiB	+
marA	ygiC	+
marA	yhiD	-
marA	yncE	+
marA	zwf	+
marR	marB	-
mcbR	mcbA	-
mcbR	yciE	+
mcbR	yciF	+
mcbR	yciG	+
metJ	ahpC	-
metJ	ahpF	-
metJ	folE	-
metJ	metA	-
metJ	metB	-
metJ	metC	-
metJ	metE	-
metJ	metF	-
metJ	metI	-
metJ	metK	-
metJ	metL	-
metJ	metN	-
metJ	metQ	-
metJ	metR	-
metJ	yeiB	-
metR	hmp	+
metR	metE	+
metR	metH	+
mhpR	mhpA	+
mhpR	mhpB	+
mhpR	mhpC	+
mhpR	mhpD	+
mhpR	mhpE	+
mhpR	mhpF	+
mlrA	cadC	+
mlrA	csgD	+
mlrA	csgE	+
mlrA	csgF	+
mlrA	csgG	+
mlrA	rplU	+
mlrA	rpmA	+
mlrA	yrbA	+
mngR	mngA	-
mngR	mngB	-
mntR	dps	-
mntR	mntH	-
modE	ccmA	+
modE	ccmB	+
modE	ccmC	+
modE	ccmD	+
modE	ccmE	+
modE	ccmF	+
modE	ccmG	+
modE	ccmH	+
modE	deoA	-
modE	deoB	-
modE	deoC	-
modE	deoD	-
modE	dmsA	-
modE	dmsB	-
modE	dmsC	-
modE	hycA	+
modE	hycB	+
modE	hycC	+
modE	hycD	+
modE	hycE	+
modE	hycF	+
modE	hycG	+
modE	hycH	+
modE	hycI	+
modE	moaA	+
modE	moaB	+
modE	moaC	+
modE	moaD	+
modE	moaE	+
modE	modA	-
modE	modB	-
modE	modC	-
modE	napA	+
modE	napB	+
modE	napC	+
modE	napD	+
modE	napF	+
modE	napG	+
modE	napH	+
modE	narL	+
modE	narX	+
modE	oppA	-
modE	oppB	-
modE	oppC	-
modE	oppD	-
modE	oppF	-
mprA	acrA	-
mprA	acrB	-
mprA	emrA	-
mprA	emrB	-
mprA	nmpC	-
mtlR	mtlA	-
mtlR	mtlD	-
nac	asnC	-
nac	codA	+
nac	codB	+
nac	gabD	+
nac	gabP	+
nac	gabT	+
nac	gdhA	-
nac	gltB	-
nac	gltD	-
nac	gltF	-
nac	mioC	-
nac	mnmG	-
nac	nupC	+
nac	serA	-
nadR	nadA	-
nadR	nadB	-
nadR	pncB	-
nadR	pnuC	-
nagC	chbA	-
nagC	chbB	-
nagC	chbC	-
nagC	chbF	-
nagC	chbG	-
nagC	chbR	-
nagC	creA	-
nagC	creB	-
nagC	creC	-
nagC	creD	-
nagC	crr	-
nagC	dinI	-
nagC	fimB	+
nagC	galP	-
nagC	manX	-
nagC	manY	-
nagC	manZ	-
nagC	nagA	-
nagC	nagB	-
nagC	nagD	-
nagC	nagE	-
nagC	nanC	-
nagC	nanM	-
nagC	ptsH	-
nagC	ptsI	-
nagC	ybfN	-
nagC	ydeP	-
nanR	fimB	+
nanR	nanA	-
nanR	nanC	-
nanR	nanE	-
nanR	nanK	-
nanR	nanM	-
nanR	nanT	-
nanR	yhcH	-
narL	adhE	-
narL	aspA	-
narL	caiF	-
narL	ccmA	-
narL	ccmB	-
narL	ccmC	-
narL	ccmD	-
narL	ccmE	-
narL	ccmF	-
narL	ccmG	-
narL	ccmH	-
narL	citC	-
narL	citD	-
narL	citE	-
narL	citF	-
narL	citG	-
narL	citX	-
narL	cydC	+
narL	cydD	+
narL	cysG	+
narL	dcuA	-
narL	dcuB	-
narL	dcuR	-
narL	dcuS	-
narL	dmsA	-
narL	dmsB	-
narL	dmsC	-
narL	dmsD	-
narL	dpiA	-
narL	dpiB	-
narL	fdhF	-
narL	fdnG	+
narL	fdnH	+
narL	fdnI	+
narL	focA	-
narL	frdA	-
narL	frdB	-
narL	frdC	-
narL	frdD	-
narL	fumB	-
narL	hcp	+
narL	hcr	+
narL	hyaA	-
narL	hyaB	-
narL	hyaC	-
narL	hyaD	-
narL	hyaE	-
narL	hyaF	-
narL	hybA	-
narL	hybB	-
narL	hybC	-
narL	hybD	-
narL	hybE	-
narL	hybF	-
narL	hybG	-
narL	hybO	-
narL	moeA	+
narL	moeB	+
narL	napA	-
narL	napB	-
narL	napC	-
narL	napD	-
narL	napF	-
narL	napG	-
narL	napH	-
narL	narG	+
narL	narH	+
narL	narI	+
narL	narJ	+
narL	narK	+
narL	nikA	-
narL	nikB	-
narL	nikC	-
narL	nikD	-
narL	nikE	-
narL	nikR	-
narL	nirB	+
narL	nirC	+
narL	nirD	+
narL	norV	-
narL	norW	-
narL	nuoA	+
narL	nuoB	+
narL	nuoC	+
narL	nuoE	+
narL	nuoF	+
narL	nuoG	+
narL	nuoH	+
narL	nuoI	+
narL	nuoJ	+
narL	nuoK	+
narL	nuoL	+
narL	nuoM	+
narL	nuoN	+
narL	ogt	+
narL	pflB	-
narL	ubiA	-
narL	ubiC	-
narL	ydhT	-
narL	ydhU	-
narL	ydhV	-
narL	ydhW	-
narL	ydhX	-
narL	ydhY	-
narL	yeaR	+
narL	ynfE	-
narL	ynfF	-
narL	ynfG	-
narL	ynfH	-
narL	yoaG	+
narL	ytfE	+
narP	cysG	+
narP	fdhF	+
narP	fdnG	-
narP	fdnH	-
narP	fdnI	-
narP	hcp	+
narP	hcr	+
narP	hyaA	-
narP	hyaB	-
narP	hyaC	-
narP	hyaD	-
narP	hyaE	-
narP	hyaF	-
narP	nirB	+
narP	nirC	+
narP	nirD	+
narP	norV	-
narP	norW	-
narP	nrfA	+
narP	nrfB	+
narP	nrfC	+
narP	nrfD	+
narP	nrfE	+
narP	nrfF	+
narP	nrfG	+
narP	ydhT	-
narP	ydhU	-
narP	ydhV	-
narP	ydhW	-
narP	ydhX	-
narP	ydhY	-
narP	yeaR	+
narP	yoaG	+
narP	ytfE	+
nemR	nemA	-
nhaR	osmC	+
nhaR	pgaA	+
nhaR	pgaB	+
nhaR	pgaC	+
nhaR	pgaD	+
nikR	nikA	-
nikR	nikB	-
nikR	nikC	-
nikR	nikD	-
nikR	nikE	-
norR	norV	+
norR	norW	+
nrdR	nrdA	-
nrdR	nrdB	-
nrdR	nrdD	-
nrdR	nrdE	-
nrdR	nrdF	-
nrdR	nrdG	-
nrdR	nrdH	-
nrdR	nrdI	-
nrdR	yfaE	-
nsrR	aceE	-
nsrR	aceF	-
nsrR	cdd	-
nsrR	dkgB	-
nsrR	dsdC	-
nsrR	feaB	-
nsrR	feaR	-
nsrR	fhlA	-
nsrR	fliA	-
nsrR	fliY	-
nsrR	fliZ	-
nsrR	grxD	-
nsrR	hcp	-
nsrR	hcr	-
nsrR	hmp	-
nsrR	hycA	-
nsrR	hycB	-
nsrR	hycC	-
nsrR	hycD	-
nsrR	hycE	-
nsrR	hycF	-
nsrR	hycG	-
nsrR	hycH	-
nsrR	hycI	-
nsrR	hypA	-
nsrR	hypB	-
nsrR	hypC	-
nsrR	hypD	-
nsrR	hypE	-
nsrR	ihfA	-
nsrR	infC	-
nsrR	lrp	-
nsrR	mhpT	-
nsrR	ndh	-
nsrR	norR	-
nsrR	nrfA	-
nsrR	nrfB	-
nsrR	nrfC	-
nsrR	nrfD	-
nsrR	nrfE	-
nsrR	nrfF	-
nsrR	nrfG	-
nsrR	pheM	-
nsrR	pheS	-
nsrR	pheT	-
nsrR	rfe	-
nsrR	rffA	-
nsrR	rffC	-
nsrR	rffD	-
nsrR	rffE	-
nsrR	rffG	-
nsrR	rffH	-
nsrR	rffM	-
nsrR	rplT	-
nsrR	rpmI	-
nsrR	rybB	-
nsrR	sodB	-
nsrR	sufA	-
nsrR	sufB	-
nsrR	sufC	-
nsrR	sufD	-
nsrR	sufE	-
nsrR	sufS	-
nsrR	tadA	-
nsrR	tehA	-
nsrR	tehB	-
nsrR	thrS	-
nsrR	tsgA	-
nsrR	wzxE	-
nsrR	wzyE	-
nsrR	wzzE	-
nsrR	ydbD	-
nsrR	ydhO	-
nsrR	yeaE	-
nsrR	yeaR	-
nsrR	ygbA	-
nsrR	yibD	-
nsrR	yoaG	-
nsrR	ytfE	-
ompR	bolA	-
ompR	csgD	+
ompR	csgE	+
ompR	csgF	+
ompR	csgG	+
ompR	ecnB	-
ompR	fadL	-
ompR	flhC	-
ompR	flhD	-
ompR	micF	+
ompR	nmpC	-
ompR	ompC	+
ompR	omrA	+
ompR	omrB	+
ompR	sra	-
ompR	tppB	+
oxyR	ahpC	+
oxyR	ahpF	+
oxyR	dps	+
oxyR	dsbG	+
oxyR	fhuF	-
oxyR	flu	-
oxyR	fur	+
oxyR	gntP	-
oxyR	gor	+
oxyR	grxA	+
oxyR	hemH	+
oxyR	katG	+
oxyR	mntH	+
oxyR	nfsA	-
oxyR	oxyS	+
oxyR	rimK	-
oxyR	sufA	+
oxyR	sufB	+
oxyR	sufC	+
oxyR	sufD	+
oxyR	sufE	+
oxyR	sufS	+
oxyR	trxC	+
oxyR	uof	+
oxyR	uxuA	-
oxyR	uxuB	-
oxyR	ybjC	-
oxyR	ybjN	-
oxyR	yhjA	+
paaX	paaA	-
paaX	paaB	-
paaX	paaC	-
paaX	paaD	-
paaX	paaE	-
paaX	paaF	-
paaX	paaG	-
paaX	paaH	-
paaX	paaI	-
paaX	paaJ	-
paaX	paaK	-
pdhR	aceE	-
pdhR	aceF	-
pdhR	cyoA	-
pdhR	cyoB	-
pdhR	cyoC	-
pdhR	cyoD	-
pdhR	cyoE	-
pdhR	ddlB	-
pdhR	fecA	+
pdhR	fecB	+
pdhR	fecC	+
pdhR	fecD	+
pdhR	fecE	+
pdhR	ftsA	-
pdhR	ftsI	-
pdhR	ftsL	-
pdhR	ftsQ	-
pdhR	ftsW	-
pdhR	ftsZ	-
pdhR	glcA	-
pdhR	glcB	-
pdhR	glcD	-
pdhR	glcF	-
pdhR	glcG	-
pdhR	hemL	-
pdhR	hha	-
pdhR	lipA	-
pdhR	lpd	-
pdhR	lpxC	-
pdhR	mraY	-
pdhR	mraZ	-
pdhR	murC	-
pdhR	murD	-
pdhR	murE	-
pdhR	murF	-
pdhR	murG	-
pdhR	ndh	-
pdhR	tomB	-
pdhR	yfiD	-
pepA	carA	-
pepA	carB	-
phoB	amn	+
phoB	argP	+
phoB	asr	+
phoB	eda	-
phoB	phoA	+
phoB	phoE	+
phoB	phoH	+
phoB	phoR	+
phoB	phoU	+
phoB	pitB	-
phoB	psiE	+
phoB	psiF	+
phoB	pstA	+
phoB	pstB	+
phoB	pstC	+
phoB	pstS	+
phoB	yibD	+
phoP	acrA	-
phoP	acrB	-
phoP	argD	-
phoP	borD	+
phoP	cysB	+
phoP	dcuD	-
phoP	fadL	+
phoP	gadE	+
phoP	gadW	+
phoP	glgA	+
phoP	glgB	+
phoP	glgC	+
phoP	glgP	+
phoP	glgX	+
phoP	hdeA	+
phoP	hdeB	+
phoP	hdeD	+
phoP	hemL	+
phoP	malS	+
phoP	metB	+
phoP	metL	+
phoP	mgrB	+
phoP	mgtA	+
phoP	nagA	+
phoP	ompT	+
phoP	pagP	+
phoP	purD	+
phoP	purH	+
phoP	rstA	+
phoP	rstB	+
phoP	rutA	+
phoP	rutB	+
phoP	rutC	+
phoP	rutD	+
phoP	rutE	+
phoP	rutF	+
phoP	rutG	+
phoP	tolC	+
phoP	treR	-
phoP	ybjG	+
phoP	ydeO	-
phoP	ydeP	-
phoP	ygiB	+
phoP	ygiC	+
phoP	yhiD	+
phoP	yneM	+
phoP	yrbL	+
prpR	prpB	+
prpR	prpC	+
prpR	prpD	+
prpR	prpE	+
pspF	pspA	+
pspF	pspB	+
pspF	pspC	+
pspF	pspD	+
pspF	pspE	+
pspF	pspG	+
purR	carA	-
purR	carB	-
purR	codA	-
purR	codB	-
purR	cvpA	-
purR	gcvH	-
purR	gcvP	-
purR	gcvT	-
purR	glnB	-
purR	glyA	-
purR	guaA	-
purR	guaB	-
purR	hflD	-
purR	prs	-
purR	purA	-
purR	purB	-
purR	purC	-
purR	purD	-
purR	purE	-
purR	purF	-
purR	purH	-
purR	purK	-
purR	purL	-
purR	purM	-
purR	purN	-
purR	pyrC	-
purR	pyrD	-
purR	speA	-
purR	speB	-
purR	ubiX	-
putA	putP	-
qseB	flhC	+
qseB	flhD	+
qseB	qseC	+
rbsR	rbsA	-
rbsR	rbsB	-
rbsR	rbsC	-
rbsR	rbsD	-
rbsR	rbsK	-
rcnR	rcnA	-
rcsB	bdm	+
rcsB	ftsA	+
rcsB	ftsZ	+
rcsB	gadA	-
rcsB	gadB	+
rcsB	gadC	+
rcsB	gadX	-
rcsB	gadY	+
rcsB	hdeA	+
rcsB	hdeB	+
rcsB	hdeD	+
rcsB	osmB	+
rcsB	osmC	+
rcsB	rprA	+
rcsB	sra	+
rcsB	ydeO	+
rcsB	ydeP	+
rcsB	yhiD	+
relB	hokD	-
relB	relE	-
rhaR	rhaS	+
rhaS	rhaA	+
rhaS	rhaB	+
rhaS	rhaD	+
rhaS	rhaT	+
rob	acnA	+
rob	acrA	+
rob	acrB	+
rob	aslB	+
rob	fumC	+
rob	inaA	+
rob	marB	+
rob	marR	+
rob	micF	+
rob	mltF	+
rob	nfo	+
rob	nfsA	+
rob	nfsB	+
rob	rimK	+
rob	sodA	+
rob	tolC	+
rob	ybiS	+
rob	ybjC	+
rob	ybjN	+
rob	ygiB	+
rob	ygiC	+
rob	zwf	+
rstA	asr	+
rstA	csgD	-
rstA	csgE	-
rstA	csgF	-
rstA	csgG	-
rstA	narG	+
rstA	narH	+
rstA	narI	+
rstA	narJ	+
rstA	ompF	-
rtcR	rtcA	+
rtcR	rtcB	+
rutR	carA	+
rutR	carB	+
rutR	fepB	-
rutR	gadW	-
rutR	gadX	-
rutR	gmr	-
rutR	nemA	-
rutR	nemR	-
rutR	rutA	-
rutR	rutB	-
rutR	rutC	-
rutR	rutD	-
rutR	rutE	-
rutR	rutF	-
rutR	rutG	-
sdiA	ftsA	-
sdiA	ftsZ	-
sdiA	gadW	+
sgrR	setA	+
sgrR	sgrS	+
sgrR	tbpA	-
sgrR	thiP	-
sgrR	thiQ	-
slyA	hlyE	+
soxR	fumC	+
soxR	soxS	+
soxS	acnA	+
soxS	acrA	+
soxS	acrB	+
soxS	fldA	+
soxS	fldB	+
soxS	fpr	+
soxS	fumC	+
soxS	inaA	+
soxS	marA	+
soxS	marB	+
soxS	marR	+
soxS	micF	+
soxS	nfo	+
soxS	nfsA	+
soxS	nfsB	+
soxS	pgi	+
soxS	poxB	+
soxS	pqiA	+
soxS	pqiB	+
soxS	ptsG	+
soxS	rfaZ	+
soxS	ribA	+
soxS	rimK	+
soxS	sodA	+
soxS	tolC	+
soxS	uof	+
soxS	ybjC	+
soxS	ybjN	+
soxS	ygiB	+
soxS	ygiC	+
soxS	zwf	+
stpA	bglB	-
stpA	bglF	-
stpA	bglG	-
tdcA	tdcB	+
tdcA	tdcC	+
tdcA	tdcD	+
tdcA	tdcE	+
tdcA	tdcF	+
tdcA	tdcG	+
tdcR	tdcA	+
tdcR	tdcB	+
tdcR	tdcC	+
tdcR	tdcD	+
tdcR	tdcE	+
tdcR	tdcF	+
tdcR	tdcG	+
torR	gadA	-
torR	gadX	-
torR	hdeA	+
torR	hdeB	+
torR	tnaA	+
torR	tnaB	+
torR	tnaC	+
torR	torA	+
torR	torC	+
torR	torD	+
torR	yhiD	+
treR	treB	-
treR	treC	-
trpR	aroH	-
trpR	aroL	-
trpR	aroM	-
trpR	mtr	-
trpR	trpA	-
trpR	trpB	-
trpR	trpC	-
trpR	trpD	-
trpR	trpE	-
trpR	trpL	-
trpR	yaiA	-
tyrR	aroF	-
tyrR	aroG	-
tyrR	aroL	-
tyrR	aroM	-
tyrR	aroP	-
tyrR	folA	+
tyrR	mtr	+
tyrR	tyrA	-
tyrR	tyrB	-
tyrR	yaiA	-
uhpA	uhpT	+
uidR	uidA	-
uidR	uidB	-
uidR	uidC	-
ulaR	ulaA	-
ulaR	ulaB	-
ulaR	ulaC	-
ulaR	ulaD	-
ulaR	ulaE	-
ulaR	ulaF	-
ulaR	ulaG	-
uxuR	gntP	-
uxuR	uidA	-
uxuR	uidB	-
uxuR	uidC	-
uxuR	uxuA	-
uxuR	uxuB	-
uxuR	yjjM	-
xapR	xapA	+
xapR	xapB	+
xylR	xylA	+
xylR	xylB	+
xylR	xylF	+
xylR	xylG	+
xylR	xylH	+
ycgE	ariR	-
ycgE	ycgZ	-
ycgE	ymgA	-
ycgE	ymgC	-
ydeO	gadE	+
ydeO	mdtE	+
ydeO	mdtF	+
yefM	yoeB	-
ygiV	mcbR	-
yiaJ	sgbE	-
yiaJ	sgbH	-
yiaJ	sgbU	-
yiaJ	yiaK	-
yiaJ	yiaL	-
yiaJ	yiaM	-
yiaJ	yiaN	-
yiaJ	yiaO	-
yqhC	dkgA	+
yqhC	yqhD	+
yqjI	yqjH	-
zntR	zntA	+
zraR	zraP	+
zraR	zraS	+
zur	ykgM	-
zur	ykgO	-
zur	znuA	-
zur	znuB	-
zur	znuC	-
